{
  "schema": "vibe-checklist/v1",
  "version": "1.0.0",
  "generated_at": "2025-12-16T06:03:25.263566Z",
  "sections": [
    {
      "id": "security",
      "title": "Security Vulnerabilities",
      "groups": [
        {
          "id": "authz",
          "title": "Authentication & Authorization Disasters",
          "severity_default": "critical",
          "items": [
            {
              "id": "VCF-0001",
              "text": "No authentication on critical endpoints",
              "severity": "critical",
              "status": "todo",
              "notes": ""
            },
            {
              "id": "VCF-0002",
              "text": "Hardcoded admin credentials in code",
              "severity": "critical",
              "status": "todo",
              "notes": ""
            },
            {
              "id": "VCF-0003",
              "text": "JWT tokens without expiration",
              "severity": "critical",
              "status": "todo",
              "notes": ""
            },
            {
              "id": "VCF-0004",
              "text": "Session tokens stored in localStorage (XSS vulnerable)",
              "severity": "critical",
              "status": "todo",
              "notes": ""
            },
            {
              "id": "VCF-0005",
              "text": "Authorization checks only on frontend",
              "severity": "critical",
              "status": "todo",
              "notes": ""
            },
            {
              "id": "VCF-0006",
              "text": "User can edit their own role/permissions",
              "severity": "critical",
              "status": "todo",
              "notes": ""
            },
            {
              "id": "VCF-0007",
              "text": "Password reset tokens never expire",
              "severity": "critical",
              "status": "todo",
              "notes": ""
            },
            {
              "id": "VCF-0008",
              "text": "No rate limiting on login attempts",
              "severity": "critical",
              "status": "todo",
              "notes": ""
            },
            {
              "id": "VCF-0009",
              "text": "CORS allowing all origins (*)",
              "severity": "critical",
              "status": "todo",
              "notes": ""
            },
            {
              "id": "VCF-0010",
              "text": "No logout or logout doesn't invalidate tokens",
              "severity": "critical",
              "status": "todo",
              "notes": ""
            }
          ]
        },
        {
          "id": "injection",
          "title": "Injection Vulnerabilities",
          "severity_default": "critical",
          "items": [
            {
              "id": "VCF-0011",
              "text": "SQL injection via string concatenation / raw SQL with user input",
              "severity": "critical",
              "status": "todo",
              "notes": ""
            },
            {
              "id": "VCF-0012",
              "text": "No parameterized queries",
              "severity": "critical",
              "status": "todo",
              "notes": ""
            },
            {
              "id": "VCF-0013",
              "text": "XSS: dangerouslySetInnerHTML with user content",
              "severity": "critical",
              "status": "todo",
              "notes": ""
            },
            {
              "id": "VCF-0014",
              "text": "No input sanitization / output encoding",
              "severity": "critical",
              "status": "todo",
              "notes": ""
            },
            {
              "id": "VCF-0015",
              "text": "Unsafe deserialization",
              "severity": "critical",
              "status": "todo",
              "notes": ""
            },
            {
              "id": "VCF-0016",
              "text": "Path traversal in file paths/uploads",
              "severity": "critical",
              "status": "todo",
              "notes": ""
            },
            {
              "id": "VCF-0017",
              "text": "Header injection",
              "severity": "critical",
              "status": "todo",
              "notes": ""
            }
          ]
        },
        {
          "id": "exposure",
          "title": "Data Exposure",
          "severity_default": "high",
          "items": [
            {
              "id": "VCF-0018",
              "text": "API keys committed to Git / .env in version control",
              "severity": "high",
              "status": "todo",
              "notes": ""
            },
            {
              "id": "VCF-0019",
              "text": "Verbose stack traces in production",
              "severity": "high",
              "status": "todo",
              "notes": ""
            },
            {
              "id": "VCF-0020",
              "text": "Debug mode enabled in production",
              "severity": "high",
              "status": "todo",
              "notes": ""
            },
            {
              "id": "VCF-0021",
              "text": "Source maps exposed in production",
              "severity": "high",
              "status": "todo",
              "notes": ""
            },
            {
              "id": "VCF-0022",
              "text": "GraphQL introspection enabled in production",
              "severity": "high",
              "status": "todo",
              "notes": ""
            },
            {
              "id": "VCF-0023",
              "text": "PII in URLs or logs",
              "severity": "high",
              "status": "todo",
              "notes": ""
            },
            {
              "id": "VCF-0024",
              "text": "Database directly accessible from internet",
              "severity": "high",
              "status": "todo",
              "notes": ""
            }
          ]
        },
        {
          "id": "uploads",
          "title": "File Upload Vulnerabilities",
          "severity_default": "high",
          "items": [
            {
              "id": "VCF-0025",
              "text": "No file type validation or size limits",
              "severity": "high",
              "status": "todo",
              "notes": ""
            },
            {
              "id": "VCF-0026",
              "text": "Files saved with original names (no sanitization)",
              "severity": "high",
              "status": "todo",
              "notes": ""
            },
            {
              "id": "VCF-0027",
              "text": "Uploads stored in web-accessible directory",
              "severity": "high",
              "status": "todo",
              "notes": ""
            },
            {
              "id": "VCF-0028",
              "text": "Accepting SVG with embedded JavaScript",
              "severity": "high",
              "status": "todo",
              "notes": ""
            },
            {
              "id": "VCF-0029",
              "text": "No malware/virus scanning",
              "severity": "high",
              "status": "todo",
              "notes": ""
            },
            {
              "id": "VCF-0030",
              "text": "Zip bombs not prevented",
              "severity": "high",
              "status": "todo",
              "notes": ""
            }
          ]
        }
      ]
    },
    {
      "id": "database",
      "title": "Database Disasters",
      "groups": [
        {
          "id": "schema",
          "title": "Schema & Design Problems",
          "severity_default": "high",
          "items": [
            {
              "id": "VCF-0031",
              "text": "No primary keys / foreign keys / constraints",
              "severity": "high",
              "status": "todo",
              "notes": ""
            },
            {
              "id": "VCF-0032",
              "text": "Money stored as floats (rounding errors)",
              "severity": "high",
              "status": "todo",
              "notes": ""
            },
            {
              "id": "VCF-0033",
              "text": "Timestamps stored as strings / mixed timezones",
              "severity": "high",
              "status": "todo",
              "notes": ""
            },
            {
              "id": "VCF-0034",
              "text": "Missing indexes on queried columns",
              "severity": "high",
              "status": "todo",
              "notes": ""
            },
            {
              "id": "VCF-0035",
              "text": "Over-indexing every column",
              "severity": "high",
              "status": "todo",
              "notes": ""
            }
          ]
        },
        {
          "id": "queries",
          "title": "Query Problems",
          "severity_default": "high",
          "items": [
            {
              "id": "VCF-0036",
              "text": "N+1 query problem everywhere",
              "severity": "high",
              "status": "todo",
              "notes": ""
            },
            {
              "id": "VCF-0037",
              "text": "SELECT * everywhere",
              "severity": "high",
              "status": "todo",
              "notes": ""
            },
            {
              "id": "VCF-0038",
              "text": "No pagination (loading all records)",
              "severity": "high",
              "status": "todo",
              "notes": ""
            },
            {
              "id": "VCF-0039",
              "text": "Full table scans on large tables",
              "severity": "high",
              "status": "todo",
              "notes": ""
            },
            {
              "id": "VCF-0040",
              "text": "LIKE with leading wildcard (%value) on large datasets",
              "severity": "high",
              "status": "todo",
              "notes": ""
            }
          ]
        },
        {
          "id": "integrity",
          "title": "Data Integrity Issues",
          "severity_default": "high",
          "items": [
            {
              "id": "VCF-0041",
              "text": "No transactions for multi-step operations",
              "severity": "high",
              "status": "todo",
              "notes": ""
            },
            {
              "id": "VCF-0042",
              "text": "Race conditions / lost updates",
              "severity": "high",
              "status": "todo",
              "notes": ""
            },
            {
              "id": "VCF-0043",
              "text": "Schema changes in production without testing",
              "severity": "high",
              "status": "todo",
              "notes": ""
            },
            {
              "id": "VCF-0044",
              "text": "Migrations with no rollback plan",
              "severity": "high",
              "status": "todo",
              "notes": ""
            },
            {
              "id": "VCF-0045",
              "text": "Backups never tested / no PITR",
              "severity": "high",
              "status": "todo",
              "notes": ""
            }
          ]
        },
        {
          "id": "rls",
          "title": "Row Level Security (RLS) Issues",
          "severity_default": "critical",
          "items": [
            {
              "id": "VCF-0046",
              "text": "RLS not enabled",
              "severity": "critical",
              "status": "todo",
              "notes": ""
            },
            {
              "id": "VCF-0047",
              "text": "RLS policies too permissive",
              "severity": "critical",
              "status": "todo",
              "notes": ""
            },
            {
              "id": "VCF-0048",
              "text": "Forgetting policies for new tables",
              "severity": "critical",
              "status": "todo",
              "notes": ""
            },
            {
              "id": "VCF-0049",
              "text": "Using service role in client (bypasses RLS)",
              "severity": "critical",
              "status": "todo",
              "notes": ""
            },
            {
              "id": "VCF-0050",
              "text": "Complex RLS causing slow queries",
              "severity": "critical",
              "status": "todo",
              "notes": ""
            }
          ]
        }
      ]
    },
    {
      "id": "api_backend",
      "title": "API & Backend Disasters",
      "groups": [
        {
          "id": "api_design",
          "title": "API Design Problems",
          "severity_default": "medium",
          "items": [
            {
              "id": "VCF-0051",
              "text": "No API versioning; breaking changes unannounced",
              "severity": "medium",
              "status": "todo",
              "notes": ""
            },
            {
              "id": "VCF-0052",
              "text": "No standard error responses / status codes",
              "severity": "medium",
              "status": "todo",
              "notes": ""
            },
            {
              "id": "VCF-0053",
              "text": "No input validation; trusting client input",
              "severity": "medium",
              "status": "todo",
              "notes": ""
            },
            {
              "id": "VCF-0054",
              "text": "No rate limiting",
              "severity": "medium",
              "status": "todo",
              "notes": ""
            },
            {
              "id": "VCF-0055",
              "text": "No pagination/filtering/sorting on list endpoints",
              "severity": "medium",
              "status": "todo",
              "notes": ""
            },
            {
              "id": "VCF-0056",
              "text": "No request ID for debugging",
              "severity": "medium",
              "status": "todo",
              "notes": ""
            }
          ]
        },
        {
          "id": "errors",
          "title": "Error Handling Problems",
          "severity_default": "high",
          "items": [
            {
              "id": "VCF-0057",
              "text": "No error handling / empty catch blocks",
              "severity": "high",
              "status": "todo",
              "notes": ""
            },
            {
              "id": "VCF-0058",
              "text": "Swallowing errors silently / not logging",
              "severity": "high",
              "status": "todo",
              "notes": ""
            },
            {
              "id": "VCF-0059",
              "text": "Logging sensitive data (tokens/passwords)",
              "severity": "high",
              "status": "todo",
              "notes": ""
            },
            {
              "id": "VCF-0060",
              "text": "Exposing stack traces to users",
              "severity": "high",
              "status": "todo",
              "notes": ""
            },
            {
              "id": "VCF-0061",
              "text": "No retry logic / no circuit breaker for external services",
              "severity": "high",
              "status": "todo",
              "notes": ""
            }
          ]
        },
        {
          "id": "webhooks",
          "title": "Webhook & Integration Issues",
          "severity_default": "high",
          "items": [
            {
              "id": "VCF-0062",
              "text": "No webhook signature verification",
              "severity": "high",
              "status": "todo",
              "notes": ""
            },
            {
              "id": "VCF-0063",
              "text": "No idempotency; processing duplicates",
              "severity": "high",
              "status": "todo",
              "notes": ""
            },
            {
              "id": "VCF-0064",
              "text": "Webhook timeouts; no retry and replay",
              "severity": "high",
              "status": "todo",
              "notes": ""
            },
            {
              "id": "VCF-0065",
              "text": "No webhook logging",
              "severity": "high",
              "status": "todo",
              "notes": ""
            }
          ]
        }
      ]
    },
    {
      "id": "frontend",
      "title": "Frontend Disasters",
      "groups": [
        {
          "id": "state",
          "title": "State Management Chaos",
          "severity_default": "medium",
          "items": [
            {
              "id": "VCF-0066",
              "text": "Global state for everything or no state management",
              "severity": "medium",
              "status": "todo",
              "notes": ""
            },
            {
              "id": "VCF-0067",
              "text": "Not handling loading/error states",
              "severity": "medium",
              "status": "todo",
              "notes": ""
            },
            {
              "id": "VCF-0068",
              "text": "Optimistic updates without rollback",
              "severity": "medium",
              "status": "todo",
              "notes": ""
            },
            {
              "id": "VCF-0069",
              "text": "Client and server state out of sync",
              "severity": "medium",
              "status": "todo",
              "notes": ""
            }
          ]
        },
        {
          "id": "react",
          "title": "React/Framework Specific Problems",
          "severity_default": "medium",
          "items": [
            {
              "id": "VCF-0070",
              "text": "Infinite re-render loops / bad useEffect deps",
              "severity": "medium",
              "status": "todo",
              "notes": ""
            },
            {
              "id": "VCF-0071",
              "text": "Using index as key",
              "severity": "medium",
              "status": "todo",
              "notes": ""
            },
            {
              "id": "VCF-0072",
              "text": "Not cleaning up effects / event listeners",
              "severity": "medium",
              "status": "todo",
              "notes": ""
            },
            {
              "id": "VCF-0073",
              "text": "Unnecessary re-renders due to context misuse",
              "severity": "medium",
              "status": "todo",
              "notes": ""
            }
          ]
        },
        {
          "id": "ux",
          "title": "UI/UX Disasters",
          "severity_default": "medium",
          "items": [
            {
              "id": "VCF-0074",
              "text": "No loading indicators / no feedback",
              "severity": "medium",
              "status": "todo",
              "notes": ""
            },
            {
              "id": "VCF-0075",
              "text": "Not accessible (no keyboard nav/ARIA)",
              "severity": "medium",
              "status": "todo",
              "notes": ""
            },
            {
              "id": "VCF-0076",
              "text": "Not mobile responsive / tiny touch targets",
              "severity": "medium",
              "status": "todo",
              "notes": ""
            },
            {
              "id": "VCF-0077",
              "text": "Layout shifts / janky animations",
              "severity": "medium",
              "status": "todo",
              "notes": ""
            }
          ]
        },
        {
          "id": "forms",
          "title": "Form Problems",
          "severity_default": "medium",
          "items": [
            {
              "id": "VCF-0078",
              "text": "Only client-side validation",
              "severity": "medium",
              "status": "todo",
              "notes": ""
            },
            {
              "id": "VCF-0079",
              "text": "Submit button enabled during submission (double submit)",
              "severity": "medium",
              "status": "todo",
              "notes": ""
            },
            {
              "id": "VCF-0080",
              "text": "Unclear error messages; errors not near fields",
              "severity": "medium",
              "status": "todo",
              "notes": ""
            },
            {
              "id": "VCF-0081",
              "text": "No confirmation on destructive actions",
              "severity": "medium",
              "status": "todo",
              "notes": ""
            }
          ]
        }
      ]
    },
    {
      "id": "quality",
      "title": "Code Quality Disasters",
      "groups": [
        {
          "id": "architecture",
          "title": "Architecture & Organization",
          "severity_default": "medium",
          "items": [
            {
              "id": "VCF-0082",
              "text": "No project structure; everything in one file",
              "severity": "medium",
              "status": "todo",
              "notes": ""
            },
            {
              "id": "VCF-0083",
              "text": "Business logic in UI components",
              "severity": "medium",
              "status": "todo",
              "notes": ""
            },
            {
              "id": "VCF-0084",
              "text": "Copy-pasted code everywhere",
              "severity": "medium",
              "status": "todo",
              "notes": ""
            },
            {
              "id": "VCF-0085",
              "text": "Circular dependencies / tight coupling",
              "severity": "medium",
              "status": "todo",
              "notes": ""
            }
          ]
        },
        {
          "id": "types",
          "title": "Type Safety Issues",
          "severity_default": "medium",
          "items": [
            {
              "id": "VCF-0086",
              "text": "TypeScript with any everywhere / @ts-ignore everywhere",
              "severity": "medium",
              "status": "todo",
              "notes": ""
            },
            {
              "id": "VCF-0087",
              "text": "Type assertions without validation",
              "severity": "medium",
              "status": "todo",
              "notes": ""
            },
            {
              "id": "VCF-0088",
              "text": "Strings used where enums/discriminated unions needed",
              "severity": "medium",
              "status": "todo",
              "notes": ""
            }
          ]
        }
      ]
    },
    {
      "id": "testing",
      "title": "Testing Disasters",
      "groups": [
        {
          "id": "gaps",
          "title": "Testing Gaps",
          "severity_default": "high",
          "items": [
            {
              "id": "VCF-0089",
              "text": "No tests",
              "severity": "high",
              "status": "todo",
              "notes": ""
            },
            {
              "id": "VCF-0090",
              "text": "Only happy-path tests",
              "severity": "high",
              "status": "todo",
              "notes": ""
            },
            {
              "id": "VCF-0091",
              "text": "No integration/E2E tests",
              "severity": "high",
              "status": "todo",
              "notes": ""
            },
            {
              "id": "VCF-0092",
              "text": "Flaky tests; tests dependent on order",
              "severity": "high",
              "status": "todo",
              "notes": ""
            }
          ]
        },
        {
          "id": "problems",
          "title": "Testing Problems",
          "severity_default": "medium",
          "items": [
            {
              "id": "VCF-0093",
              "text": "Not mocking external services appropriately",
              "severity": "medium",
              "status": "todo",
              "notes": ""
            },
            {
              "id": "VCF-0094",
              "text": "Shared test state; no cleanup",
              "severity": "medium",
              "status": "todo",
              "notes": ""
            },
            {
              "id": "VCF-0095",
              "text": "Over-mocking; snapshot tests everywhere",
              "severity": "medium",
              "status": "todo",
              "notes": ""
            }
          ]
        }
      ]
    },
    {
      "id": "devops",
      "title": "Deployment & DevOps Disasters",
      "groups": [
        {
          "id": "deploy",
          "title": "Build & Deployment Issues",
          "severity_default": "high",
          "items": [
            {
              "id": "VCF-0096",
              "text": "No CI/CD pipeline",
              "severity": "high",
              "status": "todo",
              "notes": ""
            },
            {
              "id": "VCF-0097",
              "text": "No staging; testing in production",
              "severity": "high",
              "status": "todo",
              "notes": ""
            },
            {
              "id": "VCF-0098",
              "text": "No rollback plan",
              "severity": "high",
              "status": "todo",
              "notes": ""
            },
            {
              "id": "VCF-0099",
              "text": "Deploying breaking changes without warning",
              "severity": "high",
              "status": "todo",
              "notes": ""
            }
          ]
        },
        {
          "id": "env",
          "title": "Environment Configuration",
          "severity_default": "high",
          "items": [
            {
              "id": "VCF-0100",
              "text": ".env in version control / secrets in images",
              "severity": "high",
              "status": "todo",
              "notes": ""
            },
            {
              "id": "VCF-0101",
              "text": "Wrong environment used accidentally",
              "severity": "high",
              "status": "todo",
              "notes": ""
            },
            {
              "id": "VCF-0102",
              "text": "Debug/verbose logging in production",
              "severity": "high",
              "status": "todo",
              "notes": ""
            },
            {
              "id": "VCF-0103",
              "text": "Source maps exposed in production",
              "severity": "high",
              "status": "todo",
              "notes": ""
            }
          ]
        },
        {
          "id": "infra",
          "title": "Infrastructure Problems",
          "severity_default": "high",
          "items": [
            {
              "id": "VCF-0104",
              "text": "No monitoring/alerting/logging/metrics",
              "severity": "high",
              "status": "todo",
              "notes": ""
            },
            {
              "id": "VCF-0105",
              "text": "No health checks / uptime monitoring",
              "severity": "high",
              "status": "todo",
              "notes": ""
            },
            {
              "id": "VCF-0106",
              "text": "No incident response plan / no postmortems",
              "severity": "high",
              "status": "todo",
              "notes": ""
            }
          ]
        },
        {
          "id": "containers",
          "title": "Container & Orchestration Issues",
          "severity_default": "medium",
          "items": [
            {
              "id": "VCF-0107",
              "text": "Running as root in containers",
              "severity": "medium",
              "status": "todo",
              "notes": ""
            },
            {
              "id": "VCF-0108",
              "text": "Using latest tag / not pinning dependencies",
              "severity": "medium",
              "status": "todo",
              "notes": ""
            },
            {
              "id": "VCF-0109",
              "text": "No resource limits / no health checks",
              "severity": "medium",
              "status": "todo",
              "notes": ""
            },
            {
              "id": "VCF-0110",
              "text": "No container scanning",
              "severity": "medium",
              "status": "todo",
              "notes": ""
            }
          ]
        }
      ]
    },
    {
      "id": "vcs_docs",
      "title": "Version Control & Documentation Disasters",
      "groups": [
        {
          "id": "git",
          "title": "Git Problems",
          "severity_default": "medium",
          "items": [
            {
              "id": "VCF-0111",
              "text": "Committing secrets / node_modules / build artifacts",
              "severity": "medium",
              "status": "todo",
              "notes": ""
            },
            {
              "id": "VCF-0112",
              "text": "Committing to main directly; no PRs/reviews",
              "severity": "medium",
              "status": "todo",
              "notes": ""
            },
            {
              "id": "VCF-0113",
              "text": "No .gitignore / wrong .gitignore",
              "severity": "medium",
              "status": "todo",
              "notes": ""
            },
            {
              "id": "VCF-0114",
              "text": "Messy history; force pushing to main",
              "severity": "medium",
              "status": "todo",
              "notes": ""
            }
          ]
        },
        {
          "id": "branch",
          "title": "Branch Management",
          "severity_default": "medium",
          "items": [
            {
              "id": "VCF-0115",
              "text": "No branch protection rules / bypassing protection",
              "severity": "medium",
              "status": "todo",
              "notes": ""
            },
            {
              "id": "VCF-0116",
              "text": "Long-lived feature branches; stale branches",
              "severity": "medium",
              "status": "todo",
              "notes": ""
            },
            {
              "id": "VCF-0117",
              "text": "No required status checks before merge",
              "severity": "medium",
              "status": "todo",
              "notes": ""
            }
          ]
        },
        {
          "id": "docs",
          "title": "Documentation Disasters",
          "severity_default": "medium",
          "items": [
            {
              "id": "VCF-0118",
              "text": "No README / setup instructions",
              "severity": "medium",
              "status": "todo",
              "notes": ""
            },
            {
              "id": "VCF-0119",
              "text": "Outdated docs that contradict code",
              "severity": "medium",
              "status": "todo",
              "notes": ""
            },
            {
              "id": "VCF-0120",
              "text": "No troubleshooting guide / runbooks",
              "severity": "medium",
              "status": "todo",
              "notes": ""
            }
          ]
        }
      ]
    },
    {
      "id": "perf_data_deps",
      "title": "Performance, Data/Storage, Dependencies, Business Logic, UX, Observability, Collaboration, Legal",
      "groups": [
        {
          "id": "perf",
          "title": "Performance & Scalability Disasters",
          "severity_default": "high",
          "items": [
            {
              "id": "VCF-0121",
              "text": "No caching strategy / cache invalidation problems",
              "severity": "high",
              "status": "todo",
              "notes": ""
            },
            {
              "id": "VCF-0122",
              "text": "Blocking operations on main thread",
              "severity": "high",
              "status": "todo",
              "notes": ""
            },
            {
              "id": "VCF-0123",
              "text": "No timeouts/retries/backoff",
              "severity": "high",
              "status": "todo",
              "notes": ""
            },
            {
              "id": "VCF-0124",
              "text": "Thundering herd / cascading failures",
              "severity": "high",
              "status": "todo",
              "notes": ""
            }
          ]
        },
        {
          "id": "storage",
          "title": "Data & Storage Disasters",
          "severity_default": "high",
          "items": [
            {
              "id": "VCF-0125",
              "text": "Private files publicly accessible",
              "severity": "high",
              "status": "todo",
              "notes": ""
            },
            {
              "id": "VCF-0126",
              "text": "No storage monitoring / quotas exceeded",
              "severity": "high",
              "status": "todo",
              "notes": ""
            },
            {
              "id": "VCF-0127",
              "text": "No file backups / accidental deletions",
              "severity": "high",
              "status": "todo",
              "notes": ""
            }
          ]
        },
        {
          "id": "deps",
          "title": "Third-Party & Dependency Disasters",
          "severity_default": "high",
          "items": [
            {
              "id": "VCF-0128",
              "text": "No lockfile; unpinned dependencies",
              "severity": "high",
              "status": "todo",
              "notes": ""
            },
            {
              "id": "VCF-0129",
              "text": "Using vulnerable/unmaintained packages",
              "severity": "high",
              "status": "todo",
              "notes": ""
            },
            {
              "id": "VCF-0130",
              "text": "No dependency auditing",
              "severity": "high",
              "status": "todo",
              "notes": ""
            },
            {
              "id": "VCF-0131",
              "text": "No rate limit handling for external APIs",
              "severity": "high",
              "status": "todo",
              "notes": ""
            }
          ]
        },
        {
          "id": "logic",
          "title": "Business Logic Disasters",
          "severity_default": "high",
          "items": [
            {
              "id": "VCF-0132",
              "text": "Timezone/DST bugs; rounding errors with money",
              "severity": "high",
              "status": "todo",
              "notes": ""
            },
            {
              "id": "VCF-0133",
              "text": "No idempotency; duplicate processing",
              "severity": "high",
              "status": "todo",
              "notes": ""
            },
            {
              "id": "VCF-0134",
              "text": "Allowing impossible states; no state machine",
              "severity": "high",
              "status": "todo",
              "notes": ""
            }
          ]
        },
        {
          "id": "a11y_i18n",
          "title": "Accessibility, Mobile, i18n",
          "severity_default": "medium",
          "items": [
            {
              "id": "VCF-0135",
              "text": "No semantic HTML / ARIA / keyboard nav",
              "severity": "medium",
              "status": "todo",
              "notes": ""
            },
            {
              "id": "VCF-0136",
              "text": "Not mobile responsive; iOS modal scrolling bugs",
              "severity": "medium",
              "status": "todo",
              "notes": ""
            },
            {
              "id": "VCF-0137",
              "text": "No internationalization; hardcoded strings",
              "severity": "medium",
              "status": "todo",
              "notes": ""
            }
          ]
        },
        {
          "id": "observability",
          "title": "Monitoring & Observability Disasters",
          "severity_default": "high",
          "items": [
            {
              "id": "VCF-0138",
              "text": "No centralized logging; cannot correlate requests",
              "severity": "high",
              "status": "todo",
              "notes": ""
            },
            {
              "id": "VCF-0139",
              "text": "No tracing; cannot debug production",
              "severity": "high",
              "status": "todo",
              "notes": ""
            },
            {
              "id": "VCF-0140",
              "text": "No alerts or noisy alerts with no context",
              "severity": "high",
              "status": "todo",
              "notes": ""
            }
          ]
        },
        {
          "id": "collab",
          "title": "Communication & Collaboration Disasters",
          "severity_default": "medium",
          "items": [
            {
              "id": "VCF-0141",
              "text": "No code reviews; rubber-stamp approvals",
              "severity": "medium",
              "status": "todo",
              "notes": ""
            },
            {
              "id": "VCF-0142",
              "text": "No decision logs / meeting notes",
              "severity": "medium",
              "status": "todo",
              "notes": ""
            },
            {
              "id": "VCF-0143",
              "text": "Rushing to production; no process",
              "severity": "medium",
              "status": "todo",
              "notes": ""
            }
          ]
        },
        {
          "id": "legal",
          "title": "Legal & Compliance Disasters",
          "severity_default": "high",
          "items": [
            {
              "id": "VCF-0144",
              "text": "No privacy policy / collecting data without consent",
              "severity": "high",
              "status": "todo",
              "notes": ""
            },
            {
              "id": "VCF-0145",
              "text": "No GDPR compliance work",
              "severity": "high",
              "status": "todo",
              "notes": ""
            }
          ]
        }
      ]
    }
  ]
}