{
  "version": 1,
  "intents": [
    {
      "name": "greeting",
      "examples": [
        "hello",
        "hi",
        "hey",
        "good morning",
        "howdy"
      ]
    },
    {
      "name": "weather",
      "examples": [
        "what is the weather",
        "how is the weather in",
        "will it rain today",
        "weather forecast"
      ]
    }
  ],
  "entities": [
    {
      "name": "location",
      "values": [
        "new york",
        "london",
        "paris",
        "tokyo",
        "san francisco"
      ]
    },
    {
      "name": "date",
      "values": [
        "today",
        "tomorrow",
        "yesterday",
        "next week",
        "monday"
      ]
    }
  ]
}