{
  "meta": {
    "name": "SaaS/PaaS Security Controls Catalog",
    "generated_at": "2025-12-16T05:23:37.435900Z",
    "version": "1.0.0",
    "schema": "control_id, domain, subdomain, title, description, priority, evidence, owner, status"
  },
  "controls": [
    {
      "control_id": "MTI-001",
      "domain": "Multi-tenancy & Isolation",
      "subdomain": "Tenant Isolation",
      "title": "Tenant context validation on every request",
      "description": "Enforce tenant_id scoping for every read/write path (API, DB, cache, queues, logs). Reject missing/invalid tenant context.",
      "priority": "P0",
      "evidence": [
        "Unit tests for tenant scoping",
        "DB RLS policy screenshots/config",
        "Pen-test cross-tenant tests"
      ],
      "owner": "Platform",
      "status": "planned"
    },
    {
      "control_id": "AUTH-001",
      "domain": "API & Integration Security",
      "subdomain": "API AuthZ",
      "title": "Scope-based permissions",
      "description": "Use scopes/roles per token and enforce least privilege at endpoint + data layer.",
      "priority": "P0",
      "evidence": [
        "OpenAPI security scheme",
        "AuthZ tests",
        "Policy-as-code rules"
      ],
      "owner": "Backend",
      "status": "planned"
    },
    {
      "control_id": "WEBH-001",
      "domain": "API & Integration Security",
      "subdomain": "Webhooks",
      "title": "Webhook signature verification (HMAC)",
      "description": "Verify signature, timestamp, and replay prevention before accepting webhook events.",
      "priority": "P0",
      "evidence": [
        "Webhook verifier code",
        "Replay test cases",
        "Runbook for failures"
      ],
      "owner": "Backend",
      "status": "planned"
    },
    {
      "control_id": "DATA-001",
      "domain": "Customer Data Management",
      "subdomain": "Encryption",
      "title": "Encryption at rest + in transit",
      "description": "AES-256 at rest and TLS 1.2+ (prefer 1.3) in transit; document key mgmt and rotation.",
      "priority": "P0",
      "evidence": [
        "KMS/HSM config",
        "TLS scan report",
        "Key rotation policy"
      ],
      "owner": "Security",
      "status": "planned"
    },
    {
      "control_id": "IR-001",
      "domain": "Incident Response",
      "subdomain": "Comms",
      "title": "Customer incident notification procedure",
      "description": "Define severity levels, notification channels, SLAs, and an update cadence.",
      "priority": "P0",
      "evidence": [
        "IR playbook",
        "Status page template",
        "Postmortem template"
      ],
      "owner": "Security",
      "status": "planned"
    },
    {
      "control_id": "BCP-001",
      "domain": "Business Continuity",
      "subdomain": "Disaster Recovery",
      "title": "RTO/RPO defined and tested",
      "description": "Set tier-based RTO/RPO and run at least annual DR test with evidence.",
      "priority": "P1",
      "evidence": [
        "DR test report",
        "Recovery runbook",
        "Backup restore logs"
      ],
      "owner": "Platform",
      "status": "planned"
    }
  ]
}