{
  "scorecard_version": "1.0.0",
  "rules": [
    {
      "id": "connects",
      "question": "Does it connect to at least 1 existing feature via events or shared primitives?",
      "required": true
    },
    {
      "id": "primitives",
      "question": "Does it reuse shared primitives instead of inventing new ones?",
      "required": true
    },
    {
      "id": "emits",
      "question": "Does it emit useful events that other features can listen to?",
      "required": true
    },
    {
      "id": "core_job",
      "question": "Does it improve a core user job?",
      "required": true
    },
    {
      "id": "one_sentence",
      "question": "Can it be explained in one sentence?",
      "required": true
    },
    {
      "id": "kill_switch",
      "question": "Can it be disabled safely (feature flag + kill switch)?",
      "required": true
    }
  ],
  "decision": {
    "ship_if_all_required_true": true
  }
}