[
  {
    "intent": "greet",
    "slots": []
  },
  {
    "intent": "goodbye",
    "slots": []
  },
  {
    "intent": "help",
    "slots": []
  },
  {
    "intent": "smalltalk",
    "slots": []
  },
  {
    "intent": "book_service",
    "slots": [
      "service",
      "date",
      "time",
      "location_type",
      "professional"
    ]
  },
  {
    "intent": "check_availability",
    "slots": [
      "service",
      "date",
      "time_window",
      "location_type",
      "professional"
    ]
  },
  {
    "intent": "reschedule_booking",
    "slots": [
      "booking_ref",
      "date",
      "time"
    ]
  },
  {
    "intent": "cancel_booking",
    "slots": [
      "booking_ref",
      "reason"
    ]
  },
  {
    "intent": "late_running",
    "slots": [
      "booking_ref",
      "eta_minutes"
    ]
  },
  {
    "intent": "confirm_details",
    "slots": [
      "booking_ref"
    ]
  },
  {
    "intent": "service_info",
    "slots": [
      "service"
    ]
  },
  {
    "intent": "pricing_quote",
    "slots": [
      "service"
    ]
  },
  {
    "intent": "duration_question",
    "slots": [
      "service"
    ]
  },
  {
    "intent": "prep_instructions",
    "slots": [
      "service"
    ]
  },
  {
    "intent": "policy_deposit",
    "slots": [
      "service"
    ]
  },
  {
    "intent": "policy_cancellation",
    "slots": []
  },
  {
    "intent": "policy_refund",
    "slots": []
  },
  {
    "intent": "make_payment",
    "slots": [
      "booking_ref",
      "amount"
    ]
  },
  {
    "intent": "request_refund",
    "slots": [
      "booking_ref",
      "reason"
    ]
  },
  {
    "intent": "update_payment_method",
    "slots": []
  },
  {
    "intent": "get_receipt",
    "slots": [
      "booking_ref"
    ]
  },
  {
    "intent": "tip_add",
    "slots": [
      "booking_ref",
      "tip_amount"
    ]
  },
  {
    "intent": "contact_support",
    "slots": [
      "issue"
    ]
  },
  {
    "intent": "complaint",
    "slots": [
      "issue"
    ]
  },
  {
    "intent": "leave_review",
    "slots": [
      "rating",
      "comment"
    ]
  },
  {
    "intent": "request_invoice",
    "slots": [
      "booking_ref"
    ]
  },
  {
    "intent": "bundle_inquiry",
    "slots": [
      "bundle_name"
    ]
  },
  {
    "intent": "package_purchase",
    "slots": [
      "package_name"
    ]
  },
  {
    "intent": "membership_info",
    "slots": []
  },
  {
    "intent": "professional_hours",
    "slots": [
      "professional"
    ]
  },
  {
    "intent": "professional_location",
    "slots": [
      "professional"
    ]
  },
  {
    "intent": "professional_profile",
    "slots": [
      "professional"
    ]
  },
  {
    "intent": "upload_document",
    "slots": [
      "doc_type"
    ]
  },
  {
    "intent": "share_photo_reference",
    "slots": [
      "service"
    ]
  },
  {
    "intent": "accessibility_request",
    "slots": [
      "need"
    ]
  },
  {
    "intent": "change_language",
    "slots": [
      "language"
    ]
  },
  {
    "intent": "privacy_question",
    "slots": []
  },
  {
    "intent": "data_delete_request",
    "slots": []
  },
  {
    "intent": "no_show_policy",
    "slots": []
  },
  {
    "intent": "waitlist",
    "slots": [
      "service",
      "date",
      "time_window"
    ]
  }
]