[
  {
    "id": "identity_auth",
    "name": "Identity & Auth",
    "description": "Users, sessions, roles, MFA, device trust, audit hooks.",
    "dependsOn": [],
    "tierMinimum": "free",
    "verticals": "all",
    "tags": [
      "security",
      "rbac"
    ]
  },
  {
    "id": "workspace_tenancy",
    "name": "Workspace & Tenancy",
    "description": "Workspaces, locations, memberships, invites, feature flags.",
    "dependsOn": [
      "identity_auth"
    ],
    "tierMinimum": "free",
    "verticals": "all",
    "tags": [
      "multi-tenant"
    ]
  },
  {
    "id": "billing_ledger",
    "name": "Billing & Ledger",
    "description": "Subscriptions, invoices, receipts, refunds, pricing plans.",
    "dependsOn": [
      "workspace_tenancy"
    ],
    "tierMinimum": "solo",
    "verticals": "all",
    "tags": [
      "billing"
    ]
  },
  {
    "id": "notification_hub",
    "name": "Notification Hub",
    "description": "SMS/email/push/in-app routing, templates, prefs, retries.",
    "dependsOn": [
      "workspace_tenancy"
    ],
    "tierMinimum": "solo",
    "verticals": "all",
    "tags": [
      "comms"
    ]
  },
  {
    "id": "files_media",
    "name": "Files & Media",
    "description": "Uploads, consent tags, retention, CDN delivery.",
    "dependsOn": [
      "workspace_tenancy"
    ],
    "tierMinimum": "solo",
    "verticals": "all",
    "tags": [
      "media"
    ]
  },
  {
    "id": "service_catalog",
    "name": "Service Catalog",
    "description": "Services/add-ons/bundles, duration, price, buffers, recurrence.",
    "dependsOn": [
      "workspace_tenancy"
    ],
    "tierMinimum": "solo",
    "verticals": "all",
    "tags": [
      "booking"
    ]
  },
  {
    "id": "availability_scheduler",
    "name": "Availability Scheduler",
    "description": "Staff availability, hours, breaks, PTO, resources optional.",
    "dependsOn": [
      "service_catalog"
    ],
    "tierMinimum": "solo",
    "verticals": "all",
    "tags": [
      "booking"
    ]
  },
  {
    "id": "booking_core",
    "name": "Booking Core",
    "description": "Create/confirm/reschedule/cancel, policies, waitlist, holds.",
    "dependsOn": [
      "availability_scheduler",
      "notification_hub"
    ],
    "tierMinimum": "solo",
    "verticals": "all",
    "tags": [
      "booking"
    ]
  },
  {
    "id": "intake_forms",
    "name": "Intake Forms",
    "description": "Forms, signatures, consent, templates by vertical.",
    "dependsOn": [
      "booking_core",
      "files_media"
    ],
    "tierMinimum": "grow",
    "verticals": "all",
    "tags": [
      "intake",
      "consent"
    ]
  },
  {
    "id": "calendar_sync",
    "name": "Calendar Sync",
    "description": "Two-way Google/Apple/Microsoft sync, repair tools.",
    "dependsOn": [
      "availability_scheduler"
    ],
    "tierMinimum": "grow",
    "verticals": "all",
    "tags": [
      "calendar"
    ]
  },
  {
    "id": "payments_core",
    "name": "Payments Core",
    "description": "Payment methods, deposits, refunds, splits, tips.",
    "dependsOn": [
      "billing_ledger",
      "booking_core"
    ],
    "tierMinimum": "solo",
    "verticals": "all",
    "tags": [
      "payments"
    ]
  },
  {
    "id": "payouts_settlement",
    "name": "Payouts & Settlement",
    "description": "Instant payouts, batching fees, reconciliation.",
    "dependsOn": [
      "payments_core"
    ],
    "tierMinimum": "grow",
    "verticals": "all",
    "tags": [
      "payments"
    ]
  },
  {
    "id": "pos_checkout",
    "name": "POS Checkout",
    "description": "Cart, discounts, gift cards, tax rules, receipts.",
    "dependsOn": [
      "payments_core"
    ],
    "tierMinimum": "salon",
    "verticals": "all",
    "tags": [
      "pos"
    ]
  },
  {
    "id": "subscriptions_packages",
    "name": "Subscriptions & Packages",
    "description": "Membership billing, usage tracking, freezes, expirations.",
    "dependsOn": [
      "payments_core"
    ],
    "tierMinimum": "grow",
    "verticals": "all",
    "tags": [
      "revenue"
    ]
  },
  {
    "id": "client_profiles",
    "name": "Client Profiles",
    "description": "History, notes, tags, prefs, allergies, trust score.",
    "dependsOn": [
      "workspace_tenancy"
    ],
    "tierMinimum": "solo",
    "verticals": "all",
    "tags": [
      "crm"
    ]
  },
  {
    "id": "portfolio_history",
    "name": "Portfolio & History",
    "description": "Before/after, work notes, share permissions.",
    "dependsOn": [
      "files_media",
      "client_profiles"
    ],
    "tierMinimum": "solo",
    "verticals": [
      "beauty_wellness",
      "home_services"
    ],
    "tags": [
      "portfolio"
    ]
  },
  {
    "id": "messaging_dm",
    "name": "Messaging / DMs",
    "description": "In-app messaging system, threads, read receipts.",
    "dependsOn": [
      "identity_auth",
      "workspace_tenancy"
    ],
    "tierMinimum": "grow",
    "verticals": "all",
    "tags": [
      "comms"
    ]
  },
  {
    "id": "client_portal",
    "name": "Client Portal",
    "description": "Self-booking, reschedule/cancel, receipts, one-tap rebook.",
    "dependsOn": [
      "booking_core",
      "payments_core"
    ],
    "tierMinimum": "solo",
    "verticals": "all",
    "tags": [
      "client"
    ]
  },
  {
    "id": "campaigns",
    "name": "Campaigns",
    "description": "Segments, SMS/email sequences, unsubscribe, compliance.",
    "dependsOn": [
      "notification_hub",
      "client_profiles"
    ],
    "tierMinimum": "grow",
    "verticals": "all",
    "tags": [
      "marketing"
    ]
  },
  {
    "id": "review_engine",
    "name": "Review Engine",
    "description": "Requests, timing optimizer, reputation inbox, response drafts.",
    "dependsOn": [
      "notification_hub",
      "booking_core"
    ],
    "tierMinimum": "grow",
    "verticals": "all",
    "tags": [
      "reputation"
    ]
  },
  {
    "id": "referrals",
    "name": "Referrals",
    "description": "Codes, attribution, rewards, pro\u2192pro, fraud controls.",
    "dependsOn": [
      "billing_ledger",
      "client_profiles"
    ],
    "tierMinimum": "grow",
    "verticals": "all",
    "tags": [
      "growth"
    ]
  },
  {
    "id": "social_publishing",
    "name": "Social Publishing",
    "description": "Consent-aware sharing, booking links, UTM tracking.",
    "dependsOn": [
      "files_media",
      "client_profiles"
    ],
    "tierMinimum": "grow",
    "verticals": "all",
    "tags": [
      "social"
    ]
  },
  {
    "id": "pricing_engine",
    "name": "Pricing Engine",
    "description": "Dynamic pricing rules, last-minute fills, guardrails.",
    "dependsOn": [
      "service_catalog",
      "ops_analytics"
    ],
    "tierMinimum": "salon",
    "verticals": "all",
    "tags": [
      "pricing"
    ]
  },
  {
    "id": "no_show_prediction",
    "name": "No-show Prediction",
    "description": "Risk scoring, deposit logic, reminder escalation.",
    "dependsOn": [
      "booking_core",
      "client_profiles"
    ],
    "tierMinimum": "grow",
    "verticals": "all",
    "tags": [
      "risk"
    ]
  },
  {
    "id": "ops_analytics",
    "name": "Ops Analytics",
    "description": "Utilization, rebooking, funnels, staff KPIs, dashboards.",
    "dependsOn": [
      "booking_core",
      "payments_core"
    ],
    "tierMinimum": "grow",
    "verticals": "all",
    "tags": [
      "analytics"
    ]
  },
  {
    "id": "inventory_costing",
    "name": "Inventory & Costing",
    "description": "Inventory, usage per service, COGS, profitability.",
    "dependsOn": [
      "pos_checkout",
      "service_catalog"
    ],
    "tierMinimum": "salon",
    "verticals": [
      "beauty_wellness",
      "home_services"
    ],
    "tags": [
      "inventory"
    ]
  },
  {
    "id": "forecasting",
    "name": "Forecasting",
    "description": "Revenue/capacity forecasts, seasonality, cashflow planning.",
    "dependsOn": [
      "ops_analytics"
    ],
    "tierMinimum": "salon",
    "verticals": "all",
    "tags": [
      "forecast"
    ]
  },
  {
    "id": "staff_scheduling",
    "name": "Staff Scheduling",
    "description": "Shift planning, labor budgets, swaps, approvals.",
    "dependsOn": [
      "workspace_tenancy",
      "availability_scheduler"
    ],
    "tierMinimum": "grow",
    "verticals": "all",
    "tags": [
      "team"
    ]
  },
  {
    "id": "compensation_commissions",
    "name": "Comp & Commissions",
    "description": "Hourly/commission/hybrid, thresholds, payout calcs.",
    "dependsOn": [
      "payments_core",
      "staff_scheduling"
    ],
    "tierMinimum": "salon",
    "verticals": "all",
    "tags": [
      "payroll"
    ]
  },
  {
    "id": "training_certifications",
    "name": "Training & Certifications",
    "description": "Skill matrix, cert expiry, training library.",
    "dependsOn": [
      "workspace_tenancy"
    ],
    "tierMinimum": "salon",
    "verticals": "all",
    "tags": [
      "compliance"
    ]
  },
  {
    "id": "internal_comms",
    "name": "Internal Comms",
    "description": "Team chat-lite, announcements, tasks, incident log.",
    "dependsOn": [
      "workspace_tenancy",
      "messaging_dm"
    ],
    "tierMinimum": "salon",
    "verticals": "all",
    "tags": [
      "ops"
    ]
  },
  {
    "id": "shared_client_identity",
    "name": "Shared Client Identity",
    "description": "Portable trust + verified payments across pros/verticals.",
    "dependsOn": [
      "client_profiles",
      "payments_core"
    ],
    "tierMinimum": "enterprise",
    "verticals": "all",
    "tags": [
      "network"
    ]
  },
  {
    "id": "bundle_marketplace",
    "name": "Bundle Marketplace",
    "description": "Multi-provider bundles, revenue splits, co-booking.",
    "dependsOn": [
      "booking_core",
      "billing_ledger"
    ],
    "tierMinimum": "enterprise",
    "verticals": "all",
    "tags": [
      "marketplace"
    ]
  },
  {
    "id": "pro_directory",
    "name": "Pro Directory",
    "description": "SEO profiles, discovery, filters, paid placement optional.",
    "dependsOn": [
      "client_portal",
      "service_catalog"
    ],
    "tierMinimum": "solo",
    "verticals": "all",
    "tags": [
      "discovery"
    ]
  },
  {
    "id": "assistant_nlu",
    "name": "Assistant NLU",
    "description": "Intent/entity parsing, datetime/service match, confidence gating.",
    "dependsOn": [
      "client_profiles",
      "service_catalog"
    ],
    "tierMinimum": "grow",
    "verticals": "all",
    "tags": [
      "assistant"
    ]
  },
  {
    "id": "assistant_automation",
    "name": "Assistant Automation",
    "description": "Triggers, runbooks, suggested actions, guardrails.",
    "dependsOn": [
      "assistant_nlu",
      "ops_analytics"
    ],
    "tierMinimum": "salon",
    "verticals": "all",
    "tags": [
      "assistant"
    ]
  },
  {
    "id": "assistant_copy_polish",
    "name": "Assistant Copy Polish",
    "description": "Tone normalization, typo fixes, brand governance rules.",
    "dependsOn": [
      "assistant_nlu"
    ],
    "tierMinimum": "grow",
    "verticals": "all",
    "tags": [
      "assistant",
      "copy"
    ]
  }
]