{
  "id": "tasks.core",
  "name": "Tasks Core",
  "version": "1.0.0",
  "status": "shipping",
  "primary_user_job": "Capture and manage tasks with reliable sync across devices.",
  "entry_points": [
    {
      "type": "user_action",
      "name": "create_task",
      "route_or_surface": "/tasks/new",
      "trigger": "User submits task form"
    },
    {
      "type": "external_event",
      "name": "import_task",
      "trigger": "Task created via integration or agent tool"
    }
  ],
  "input_sources": [
    {
      "name": "Task Input",
      "type": "user_input",
      "entities": [
        "Task"
      ],
      "schema_ref": "schemas/task.schema.json"
    },
    {
      "name": "Task Store",
      "type": "db",
      "entities": [
        "Task"
      ],
      "schema_ref": "schemas/task.schema.json"
    },
    {
      "name": "Task Cache",
      "type": "indexdb",
      "entities": [
        "Task"
      ],
      "schema_ref": "schemas/task.schema.json"
    }
  ],
  "output_artifacts": [
    {
      "name": "Task Created",
      "type": "db_write",
      "entities": [
        "Task"
      ],
      "schema_ref": "schemas/task.schema.json"
    },
    {
      "name": "Task Cached",
      "type": "indexdb_write",
      "entities": [
        "Task"
      ],
      "schema_ref": "schemas/task.schema.json"
    }
  ],
  "state_touches": [
    {
      "layer": "redux_global",
      "keys": [
        "tasks.list",
        "tasks.byId"
      ],
      "owned_by": "tasks.core"
    },
    {
      "layer": "indexdb",
      "keys": [
        "tasks_cache"
      ],
      "owned_by": "cache"
    }
  ],
  "events": {
    "emits": [
      {
        "name": "tasks.task.created",
        "type": "created",
        "payload_schema": "schemas/event-payload.schema.json",
        "description": "A task was created."
      },
      {
        "name": "tasks.task.updated",
        "type": "updated",
        "payload_schema": "schemas/event-payload.schema.json",
        "description": "A task was updated."
      }
    ],
    "listens": [
      {
        "event_name": "calendar.availability.computed",
        "handler": "tasks.suggest_from_slot",
        "conditions": "If user chooses 'Create task from slot'",
        "effects": [
          "Create task draft",
          "Open task composer"
        ]
      }
    ]
  },
  "dependencies": {
    "upstream": [
      "auth.session"
    ],
    "downstream": [
      "notifications.reminders",
      "analytics.core"
    ]
  },
  "primitives_used": [
    "User",
    "Task",
    "Status",
    "Source"
  ],
  "lifecycle": {
    "states": [
      "inactive",
      "loading",
      "active",
      "degraded",
      "failed"
    ],
    "default_state": "active"
  },
  "flags": {
    "feature_flag": "ff_tasks_core",
    "kill_switch": true,
    "rollout": {
      "strategy": "on",
      "percent": 100
    }
  },
  "failure_modes": [
    {
      "mode": "db_write_failed",
      "user_message": "Something went wrong. Contact support.",
      "recovery": "Queue write, retry with backoff, allow offline draft",
      "telemetry": [
        "tasks.db_write_failed"
      ]
    },
    {
      "mode": "cache_corrupt",
      "user_message": "Something went wrong. Contact support.",
      "recovery": "Clear cache + rehydrate from server",
      "telemetry": [
        "tasks.cache_corrupt"
      ]
    }
  ],
  "owner": {
    "system": "tasks",
    "team_or_person": "AJ"
  }
}