{
  "name": "Supabase Features Checklist (Continued) \u2014 Advanced Use Cases + Patterns",
  "generated_at": "2025-12-16T05:35:33.077388Z",
  "version": "1.0.0",
  "sections": [
    {
      "title": "Advanced Use Cases (Continued)",
      "groups": [
        {
          "title": "Social Platform (Continued)",
          "items": [
            {
              "text": "Content moderation",
              "status": "todo"
            },
            {
              "text": "Hashtag system",
              "status": "todo"
            },
            {
              "text": "Trending content algorithm",
              "status": "todo"
            },
            {
              "text": "User mentions (@username)",
              "status": "todo"
            },
            {
              "text": "Share/repost functionality",
              "status": "todo"
            },
            {
              "text": "Stories/ephemeral content",
              "status": "todo"
            },
            {
              "text": "Live streaming integration",
              "status": "todo"
            },
            {
              "text": "Group/community creation",
              "status": "todo"
            },
            {
              "text": "Event management",
              "status": "todo"
            },
            {
              "text": "Poll creation",
              "status": "todo"
            },
            {
              "text": "User verification badges",
              "status": "todo"
            },
            {
              "text": "Analytics per post",
              "status": "todo"
            },
            {
              "text": "Engagement metrics",
              "status": "todo"
            }
          ]
        },
        {
          "title": "Marketplace Platform",
          "items": [
            {
              "text": "Seller profiles",
              "status": "todo"
            },
            {
              "text": "Buyer profiles",
              "status": "todo"
            },
            {
              "text": "Listing management",
              "status": "todo"
            },
            {
              "text": "Category/subcategory system",
              "status": "todo"
            },
            {
              "text": "Search and filtering",
              "status": "todo"
            },
            {
              "text": "Geolocation-based search",
              "status": "todo"
            },
            {
              "text": "Pricing management",
              "status": "todo"
            },
            {
              "text": "Bidding system (auctions)",
              "status": "todo"
            },
            {
              "text": "Offer/negotiation system",
              "status": "todo"
            },
            {
              "text": "Escrow integration",
              "status": "todo"
            },
            {
              "text": "Rating/review system (dual-sided)",
              "status": "todo"
            },
            {
              "text": "Dispute resolution workflow",
              "status": "todo"
            },
            {
              "text": "Transaction history",
              "status": "todo"
            },
            {
              "text": "Commission calculation",
              "status": "todo"
            },
            {
              "text": "Payout management",
              "status": "todo"
            },
            {
              "text": "Fraud detection",
              "status": "todo"
            },
            {
              "text": "Seller verification",
              "status": "todo"
            },
            {
              "text": "Featured listings",
              "status": "todo"
            },
            {
              "text": "Promoted content",
              "status": "todo"
            }
          ]
        },
        {
          "title": "Learning Management System (LMS)",
          "items": [
            {
              "text": "Course management",
              "status": "todo"
            },
            {
              "text": "Lesson/module structure",
              "status": "todo"
            },
            {
              "text": "Video content delivery",
              "status": "todo"
            },
            {
              "text": "Document storage (PDFs, slides)",
              "status": "todo"
            },
            {
              "text": "Quiz/assessment system",
              "status": "todo"
            },
            {
              "text": "Grading system",
              "status": "todo"
            },
            {
              "text": "Progress tracking",
              "status": "todo"
            },
            {
              "text": "Certificate generation",
              "status": "todo"
            },
            {
              "text": "Student enrollment",
              "status": "todo"
            },
            {
              "text": "Instructor management",
              "status": "todo"
            },
            {
              "text": "Discussion forums",
              "status": "todo"
            },
            {
              "text": "Live session integration",
              "status": "todo"
            },
            {
              "text": "Assignment submission",
              "status": "todo"
            },
            {
              "text": "Deadline management",
              "status": "todo"
            },
            {
              "text": "Learning path creation",
              "status": "todo"
            },
            {
              "text": "Prerequisites/dependencies",
              "status": "todo"
            },
            {
              "text": "Completion tracking",
              "status": "todo"
            },
            {
              "text": "Leaderboards",
              "status": "todo"
            },
            {
              "text": "Student analytics",
              "status": "todo"
            }
          ]
        },
        {
          "title": "Project Management Tool",
          "items": [
            {
              "text": "Project creation",
              "status": "todo"
            },
            {
              "text": "Task management",
              "status": "todo"
            },
            {
              "text": "Subtask hierarchy",
              "status": "todo"
            },
            {
              "text": "Task assignment",
              "status": "todo"
            },
            {
              "text": "Task dependencies",
              "status": "todo"
            },
            {
              "text": "Gantt chart data",
              "status": "todo"
            },
            {
              "text": "Kanban board structure",
              "status": "todo"
            },
            {
              "text": "Sprint management",
              "status": "todo"
            },
            {
              "text": "Time tracking",
              "status": "todo"
            },
            {
              "text": "Comments/discussions",
              "status": "todo"
            },
            {
              "text": "File attachments",
              "status": "todo"
            },
            {
              "text": "Tag/label system",
              "status": "todo"
            },
            {
              "text": "Custom fields",
              "status": "todo"
            },
            {
              "text": "Workflow automation",
              "status": "todo"
            },
            {
              "text": "Notifications and reminders",
              "status": "todo"
            },
            {
              "text": "Calendar view data",
              "status": "todo"
            },
            {
              "text": "Resource allocation",
              "status": "todo"
            },
            {
              "text": "Team collaboration",
              "status": "todo"
            },
            {
              "text": "Activity timeline",
              "status": "todo"
            },
            {
              "text": "Reporting and analytics",
              "status": "todo"
            }
          ]
        },
        {
          "title": "Healthcare Application (HIPAA-Compliant)",
          "items": [
            {
              "text": "Patient records (PHI encryption)",
              "status": "todo"
            },
            {
              "text": "Provider profiles",
              "status": "todo"
            },
            {
              "text": "Appointment scheduling",
              "status": "todo"
            },
            {
              "text": "Telemedicine integration",
              "status": "todo"
            },
            {
              "text": "Prescription management",
              "status": "todo"
            },
            {
              "text": "Medical history tracking",
              "status": "todo"
            },
            {
              "text": "Lab results storage",
              "status": "todo"
            },
            {
              "text": "Insurance information",
              "status": "todo"
            },
            {
              "text": "Billing and claims",
              "status": "todo"
            },
            {
              "text": "Consent management",
              "status": "todo"
            },
            {
              "text": "Audit logging (HIPAA)",
              "status": "todo"
            },
            {
              "text": "Access controls (RBAC)",
              "status": "todo"
            },
            {
              "text": "Data encryption at rest",
              "status": "todo"
            },
            {
              "text": "Encrypted communications",
              "status": "todo"
            },
            {
              "text": "Business Associate Agreement (BAA)",
              "status": "todo"
            },
            {
              "text": "Patient portal",
              "status": "todo"
            },
            {
              "text": "Provider-patient messaging",
              "status": "todo"
            },
            {
              "text": "Document sharing (secure)",
              "status": "todo"
            },
            {
              "text": "Compliance reporting",
              "status": "todo"
            }
          ]
        },
        {
          "title": "Financial Application",
          "items": [
            {
              "text": "Account management",
              "status": "todo"
            },
            {
              "text": "Transaction recording",
              "status": "todo"
            },
            {
              "text": "Double-entry bookkeeping",
              "status": "todo"
            },
            {
              "text": "Balance calculations",
              "status": "todo"
            },
            {
              "text": "Budget tracking",
              "status": "todo"
            },
            {
              "text": "Expense categorization",
              "status": "todo"
            },
            {
              "text": "Receipt storage",
              "status": "todo"
            },
            {
              "text": "Invoice generation",
              "status": "todo"
            },
            {
              "text": "Payment processing",
              "status": "todo"
            },
            {
              "text": "Bank integration (Plaid, etc.)",
              "status": "todo"
            },
            {
              "text": "Investment tracking",
              "status": "todo"
            },
            {
              "text": "Portfolio management",
              "status": "todo"
            },
            {
              "text": "Financial reports",
              "status": "todo"
            },
            {
              "text": "Tax document generation",
              "status": "todo"
            },
            {
              "text": "Audit trail",
              "status": "todo"
            },
            {
              "text": "Multi-currency support",
              "status": "todo"
            },
            {
              "text": "Exchange rate tracking",
              "status": "todo"
            },
            {
              "text": "Recurring transactions",
              "status": "todo"
            },
            {
              "text": "Financial forecasting",
              "status": "todo"
            },
            {
              "text": "Fraud detection rules",
              "status": "todo"
            }
          ]
        },
        {
          "title": "Booking/Reservation System",
          "items": [
            {
              "text": "Availability calendar",
              "status": "todo"
            },
            {
              "text": "Time slot management",
              "status": "todo"
            },
            {
              "text": "Resource booking (rooms, equipment, etc.)",
              "status": "todo"
            },
            {
              "text": "Booking rules and restrictions",
              "status": "todo"
            },
            {
              "text": "Overbooking prevention",
              "status": "todo"
            },
            {
              "text": "Waitlist management",
              "status": "todo"
            },
            {
              "text": "Confirmation emails",
              "status": "todo"
            },
            {
              "text": "Reminder notifications",
              "status": "todo"
            },
            {
              "text": "Cancellation policies",
              "status": "todo"
            },
            {
              "text": "Refund processing",
              "status": "todo"
            },
            {
              "text": "Customer information",
              "status": "todo"
            },
            {
              "text": "Payment integration",
              "status": "todo"
            },
            {
              "text": "Deposit handling",
              "status": "todo"
            },
            {
              "text": "Group bookings",
              "status": "todo"
            },
            {
              "text": "Recurring bookings",
              "status": "todo"
            },
            {
              "text": "Blackout dates",
              "status": "todo"
            },
            {
              "text": "Pricing tiers",
              "status": "todo"
            },
            {
              "text": "Discount codes",
              "status": "todo"
            },
            {
              "text": "Capacity management",
              "status": "todo"
            },
            {
              "text": "Check-in/check-out tracking",
              "status": "todo"
            }
          ]
        },
        {
          "title": "Analytics Platform",
          "items": [
            {
              "text": "Event tracking",
              "status": "todo"
            },
            {
              "text": "User behavior tracking",
              "status": "todo"
            },
            {
              "text": "Page view tracking",
              "status": "todo"
            },
            {
              "text": "Custom event definitions",
              "status": "todo"
            },
            {
              "text": "Funnel analysis data",
              "status": "todo"
            },
            {
              "text": "Cohort analysis data",
              "status": "todo"
            },
            {
              "text": "Retention metrics",
              "status": "todo"
            },
            {
              "text": "Conversion tracking",
              "status": "todo"
            },
            {
              "text": "A/B test results storage",
              "status": "todo"
            },
            {
              "text": "User segmentation",
              "status": "todo"
            },
            {
              "text": "Real-time analytics",
              "status": "todo"
            },
            {
              "text": "Historical data aggregation",
              "status": "todo"
            },
            {
              "text": "Custom report builder",
              "status": "todo"
            },
            {
              "text": "Dashboard creation",
              "status": "todo"
            },
            {
              "text": "Metric calculations",
              "status": "todo"
            },
            {
              "text": "Anomaly detection",
              "status": "todo"
            },
            {
              "text": "Data export for BI tools",
              "status": "todo"
            },
            {
              "text": "Goal tracking",
              "status": "todo"
            },
            {
              "text": "Attribution modeling",
              "status": "todo"
            }
          ]
        },
        {
          "title": "IoT Platform",
          "items": [
            {
              "text": "Device registration",
              "status": "todo"
            },
            {
              "text": "Device authentication",
              "status": "todo"
            },
            {
              "text": "Telemetry data storage (time-series)",
              "status": "todo"
            },
            {
              "text": "Device twin/shadow state",
              "status": "todo"
            },
            {
              "text": "Command and control",
              "status": "todo"
            },
            {
              "text": "Firmware update management",
              "status": "todo"
            },
            {
              "text": "Device grouping",
              "status": "todo"
            },
            {
              "text": "Alert/threshold rules",
              "status": "todo"
            },
            {
              "text": "Device monitoring",
              "status": "todo"
            },
            {
              "text": "Historical data analysis",
              "status": "todo"
            },
            {
              "text": "Real-time data streaming",
              "status": "todo"
            },
            {
              "text": "Edge computing integration",
              "status": "todo"
            },
            {
              "text": "Device provisioning",
              "status": "todo"
            },
            {
              "text": "Certificate management",
              "status": "todo"
            },
            {
              "text": "Protocol support (MQTT, HTTP)",
              "status": "todo"
            },
            {
              "text": "Data aggregation",
              "status": "todo"
            },
            {
              "text": "Predictive maintenance",
              "status": "todo"
            },
            {
              "text": "Geolocation tracking",
              "status": "todo"
            }
          ]
        },
        {
          "title": "Gaming Platform",
          "items": [
            {
              "text": "Player profiles",
              "status": "todo"
            },
            {
              "text": "Game state storage",
              "status": "todo"
            },
            {
              "text": "Leaderboards",
              "status": "todo"
            },
            {
              "text": "Achievement system",
              "status": "todo"
            },
            {
              "text": "Matchmaking data",
              "status": "todo"
            },
            {
              "text": "Multiplayer game state sync",
              "status": "todo"
            },
            {
              "text": "In-game purchases",
              "status": "todo"
            },
            {
              "text": "Virtual currency management",
              "status": "todo"
            },
            {
              "text": "Inventory system",
              "status": "todo"
            },
            {
              "text": "Friend lists",
              "status": "todo"
            },
            {
              "text": "Guild/clan management",
              "status": "todo"
            },
            {
              "text": "Chat system",
              "status": "todo"
            },
            {
              "text": "Tournament management",
              "status": "todo"
            },
            {
              "text": "Replay storage",
              "status": "todo"
            },
            {
              "text": "Anti-cheat data",
              "status": "todo"
            },
            {
              "text": "Player statistics",
              "status": "todo"
            },
            {
              "text": "Season/event management",
              "status": "todo"
            },
            {
              "text": "Reward distribution",
              "status": "todo"
            },
            {
              "text": "Push notification triggers",
              "status": "todo"
            }
          ]
        }
      ]
    },
    {
      "title": "Advanced Database Patterns",
      "groups": [
        {
          "title": "Soft Delete Pattern",
          "items": [
            {
              "text": "deleted_at timestamp column",
              "status": "todo"
            },
            {
              "text": "Exclude deleted rows in queries",
              "status": "todo"
            },
            {
              "text": "Include deleted rows for admin views",
              "status": "todo"
            },
            {
              "text": "Automatic deletion after retention period",
              "status": "todo"
            },
            {
              "text": "Restore deleted records",
              "status": "todo"
            },
            {
              "text": "Audit trail for deletions",
              "status": "todo"
            },
            {
              "text": "Cascading soft deletes",
              "status": "todo"
            },
            {
              "text": "RLS policies for soft-deleted data",
              "status": "todo"
            }
          ]
        },
        {
          "title": "Audit Trail Pattern",
          "items": [
            {
              "text": "Audit table creation",
              "status": "todo"
            },
            {
              "text": "Before/after values storage",
              "status": "todo"
            },
            {
              "text": "User identification in audit",
              "status": "todo"
            },
            {
              "text": "Timestamp recording",
              "status": "todo"
            },
            {
              "text": "Action type recording",
              "status": "todo"
            },
            {
              "text": "IP address logging",
              "status": "todo"
            },
            {
              "text": "Trigger-based audit logging",
              "status": "todo"
            },
            {
              "text": "Audit table partitioning",
              "status": "todo"
            },
            {
              "text": "Audit data retention",
              "status": "todo"
            },
            {
              "text": "Audit query optimization",
              "status": "todo"
            }
          ]
        },
        {
          "title": "Versioning Pattern",
          "items": [
            {
              "text": "Version number tracking",
              "status": "todo"
            },
            {
              "text": "Version history table",
              "status": "todo"
            },
            {
              "text": "Current version flag",
              "status": "todo"
            },
            {
              "text": "Version comparison",
              "status": "todo"
            },
            {
              "text": "Version rollback",
              "status": "todo"
            },
            {
              "text": "Version diffing",
              "status": "todo"
            },
            {
              "text": "Branching versions",
              "status": "todo"
            },
            {
              "text": "Merging versions",
              "status": "todo"
            },
            {
              "text": "Version conflict resolution",
              "status": "todo"
            }
          ]
        },
        {
          "title": "Hierarchical Data Pattern",
          "items": [
            {
              "text": "Parent-child relationships",
              "status": "todo"
            },
            {
              "text": "Materialized path",
              "status": "todo"
            },
            {
              "text": "Nested set model",
              "status": "todo"
            },
            {
              "text": "Closure table",
              "status": "todo"
            },
            {
              "text": "Recursive queries",
              "status": "todo"
            },
            {
              "text": "Tree traversal queries",
              "status": "todo"
            },
            {
              "text": "Depth calculation",
              "status": "todo"
            },
            {
              "text": "Ancestor queries",
              "status": "todo"
            },
            {
              "text": "Descendant queries",
              "status": "todo"
            },
            {
              "text": "Sibling queries",
              "status": "todo"
            },
            {
              "text": "Move node operations",
              "status": "todo"
            },
            {
              "text": "Delete subtree operations",
              "status": "todo"
            }
          ]
        },
        {
          "title": "Event Sourcing Pattern",
          "items": [
            {
              "text": "Event store table",
              "status": "todo"
            },
            {
              "text": "Event type definitions",
              "status": "todo"
            },
            {
              "text": "Event payload (JSONB)",
              "status": "todo"
            },
            {
              "text": "Event sequence ordering",
              "status": "todo"
            },
            {
              "text": "Aggregate ID tracking",
              "status": "todo"
            },
            {
              "text": "Event replay capability",
              "status": "todo"
            },
            {
              "text": "Snapshot creation",
              "status": "todo"
            },
            {
              "text": "Projection rebuilding",
              "status": "todo"
            },
            {
              "text": "Event versioning",
              "status": "todo"
            },
            {
              "text": "Time-travel queries",
              "status": "todo"
            }
          ]
        },
        {
          "title": "CQRS Pattern",
          "items": [
            {
              "text": "Command models",
              "status": "todo"
            },
            {
              "text": "Query models (read replicas)",
              "status": "todo"
            },
            {
              "text": "Command handlers (functions)",
              "status": "todo"
            },
            {
              "text": "Query handlers",
              "status": "todo"
            },
            {
              "text": "Event publishing",
              "status": "todo"
            },
            {
              "text": "Read model synchronization",
              "status": "todo"
            },
            {
              "text": "Eventual consistency handling",
              "status": "todo"
            },
            {
              "text": "Denormalized query tables",
              "status": "todo"
            },
            {
              "text": "Materialized views for reads",
              "status": "todo"
            }
          ]
        },
        {
          "title": "Temporal Data Pattern",
          "items": [
            {
              "text": "Valid time tracking (business time)",
              "status": "todo"
            },
            {
              "text": "Transaction time tracking (system time)",
              "status": "todo"
            },
            {
              "text": "Bi-temporal tables",
              "status": "todo"
            },
            {
              "text": "Point-in-time queries",
              "status": "todo"
            },
            {
              "text": "Time range queries",
              "status": "todo"
            },
            {
              "text": "Current state queries",
              "status": "todo"
            },
            {
              "text": "Historical state queries",
              "status": "todo"
            },
            {
              "text": "Future state planning",
              "status": "todo"
            },
            {
              "text": "Effective dating",
              "status": "todo"
            },
            {
              "text": "Expiration dating",
              "status": "todo"
            }
          ]
        },
        {
          "title": "Polymorphic Association Pattern",
          "items": [
            {
              "text": "Polymorphic foreign keys",
              "status": "todo"
            },
            {
              "text": "Type column for entity type",
              "status": "todo"
            },
            {
              "text": "Generic relationship tables",
              "status": "todo"
            },
            {
              "text": "Tagged associations",
              "status": "todo"
            },
            {
              "text": "Activity streams",
              "status": "todo"
            },
            {
              "text": "Comment systems (any entity)",
              "status": "todo"
            },
            {
              "text": "Attachment systems",
              "status": "todo"
            },
            {
              "text": "Notification systems",
              "status": "todo"
            }
          ]
        },
        {
          "title": "State Machine Pattern",
          "items": [
            {
              "text": "State column",
              "status": "todo"
            },
            {
              "text": "State transition rules",
              "status": "todo"
            },
            {
              "text": "Valid state transitions",
              "status": "todo"
            },
            {
              "text": "State transition history",
              "status": "todo"
            },
            {
              "text": "State change triggers",
              "status": "todo"
            },
            {
              "text": "State-based permissions",
              "status": "todo"
            },
            {
              "text": "State-based workflows",
              "status": "todo"
            },
            {
              "text": "State transition events",
              "status": "todo"
            },
            {
              "text": "State rollback capability",
              "status": "todo"
            }
          ]
        },
        {
          "title": "Sharding Pattern",
          "items": [
            {
              "text": "Shard key selection",
              "status": "todo"
            },
            {
              "text": "Hash-based sharding",
              "status": "todo"
            },
            {
              "text": "Range-based sharding",
              "status": "todo"
            },
            {
              "text": "Geographic sharding",
              "status": "todo"
            },
            {
              "text": "Shard mapping table",
              "status": "todo"
            },
            {
              "text": "Cross-shard queries",
              "status": "todo"
            },
            {
              "text": "Shard rebalancing",
              "status": "todo"
            },
            {
              "text": "Shard splitting",
              "status": "todo"
            },
            {
              "text": "Shard merging",
              "status": "todo"
            }
          ]
        }
      ]
    },
    {
      "title": "Advanced Authentication Patterns",
      "groups": [
        {
          "title": "Social Authentication Advanced",
          "items": [
            {
              "text": "Profile picture import",
              "status": "todo"
            },
            {
              "text": "Email import from provider",
              "status": "todo"
            },
            {
              "text": "Friend list import",
              "status": "todo"
            },
            {
              "text": "Contact sync",
              "status": "todo"
            },
            {
              "text": "Social graph import",
              "status": "todo"
            },
            {
              "text": "Provider token storage",
              "status": "todo"
            },
            {
              "text": "Provider token refresh",
              "status": "todo"
            },
            {
              "text": "Cross-platform identity linking",
              "status": "todo"
            },
            {
              "text": "Social sharing integration",
              "status": "todo"
            }
          ]
        },
        {
          "title": "Passwordless Authentication Advanced",
          "items": [
            {
              "text": "Biometric authentication (WebAuthn)",
              "status": "todo"
            },
            {
              "text": "Hardware security keys",
              "status": "todo"
            },
            {
              "text": "Passkeys support",
              "status": "todo"
            },
            {
              "text": "Platform authenticators",
              "status": "todo"
            },
            {
              "text": "Cross-device authentication",
              "status": "todo"
            },
            {
              "text": "Backup authentication methods",
              "status": "todo"
            },
            {
              "text": "QR code authentication",
              "status": "todo"
            },
            {
              "text": "Push notification authentication",
              "status": "todo"
            },
            {
              "text": "Time-based access codes",
              "status": "todo"
            }
          ]
        },
        {
          "title": "Enterprise Authentication",
          "items": [
            {
              "text": "SAML 2.0 SSO",
              "status": "todo"
            },
            {
              "text": "SCIM 2.0 provisioning",
              "status": "todo"
            },
            {
              "text": "Active Directory Federation Services (ADFS)",
              "status": "todo"
            },
            {
              "text": "Okta integration",
              "status": "todo"
            },
            {
              "text": "Auth0 integration",
              "status": "todo"
            },
            {
              "text": "Azure AD integration",
              "status": "todo"
            },
            {
              "text": "Google Workspace SSO",
              "status": "todo"
            },
            {
              "text": "Microsoft 365 SSO",
              "status": "todo"
            },
            {
              "text": "Custom SAML IdP",
              "status": "todo"
            },
            {
              "text": "Just-in-Time (JIT) provisioning",
              "status": "todo"
            },
            {
              "text": "Group sync",
              "status": "todo"
            },
            {
              "text": "Role mapping from IdP",
              "status": "todo"
            },
            {
              "text": "Conditional access policies",
              "status": "todo"
            },
            {
              "text": "Certificate-based authentication",
              "status": "todo"
            }
          ]
        },
        {
          "title": "Session Management Advanced",
          "items": [
            {
              "text": "Sliding session expiration",
              "status": "todo"
            },
            {
              "text": "Absolute session timeout",
              "status": "todo"
            },
            {
              "text": "Idle timeout configuration",
              "status": "todo"
            },
            {
              "text": "Session renewal",
              "status": "todo"
            },
            {
              "text": "Session takeover prevention",
              "status": "todo"
            },
            {
              "text": "Session fixation protection",
              "status": "todo"
            },
            {
              "text": "Cross-site request tracking",
              "status": "todo"
            },
            {
              "text": "Session storage optimization",
              "status": "todo"
            },
            {
              "text": "Distributed session management",
              "status": "todo"
            },
            {
              "text": "Session replication",
              "status": "todo"
            }
          ]
        },
        {
          "title": "OAuth 2.0 Advanced",
          "items": [
            {
              "text": "Authorization Code flow",
              "status": "todo"
            },
            {
              "text": "Implicit flow (legacy)",
              "status": "todo"
            },
            {
              "text": "Client Credentials flow",
              "status": "todo"
            },
            {
              "text": "Resource Owner Password flow (legacy)",
              "status": "todo"
            },
            {
              "text": "Device Authorization flow",
              "status": "todo"
            },
            {
              "text": "Refresh token rotation",
              "status": "todo"
            },
            {
              "text": "Token introspection",
              "status": "todo"
            },
            {
              "text": "Token revocation",
              "status": "todo"
            },
            {
              "text": "Dynamic client registration",
              "status": "todo"
            },
            {
              "text": "OpenID Connect (OIDC)",
              "status": "todo"
            },
            {
              "text": "UserInfo endpoint",
              "status": "todo"
            },
            {
              "text": "ID Token validation",
              "status": "todo"
            },
            {
              "text": "Claims customization",
              "status": "todo"
            }
          ]
        }
      ]
    },
    {
      "title": "Advanced Storage Patterns",
      "groups": [
        {
          "title": "Content Delivery Optimization",
          "items": [
            {
              "text": "Image responsive breakpoints",
              "status": "todo"
            },
            {
              "text": "Adaptive bitrate video",
              "status": "todo"
            },
            {
              "text": "Progressive web app caching",
              "status": "todo"
            },
            {
              "text": "Service worker integration",
              "status": "todo"
            },
            {
              "text": "Offline-first storage strategy",
              "status": "todo"
            },
            {
              "text": "Background sync for uploads",
              "status": "todo"
            },
            {
              "text": "Stale-while-revalidate caching",
              "status": "todo"
            },
            {
              "text": "Prefetch critical assets",
              "status": "todo"
            },
            {
              "text": "Lazy load non-critical assets",
              "status": "todo"
            },
            {
              "text": "Resource hints (preload, prefetch)",
              "status": "todo"
            }
          ]
        },
        {
          "title": "Large File Handling",
          "items": [
            {
              "text": "Chunked uploads",
              "status": "todo"
            },
            {
              "text": "Resumable upload protocol",
              "status": "todo"
            },
            {
              "text": "Upload progress tracking",
              "status": "todo"
            },
            {
              "text": "Parallel chunk uploads",
              "status": "todo"
            },
            {
              "text": "Upload pause/resume",
              "status": "todo"
            },
            {
              "text": "Upload cancellation",
              "status": "todo"
            },
            {
              "text": "Automatic retry failed chunks",
              "status": "todo"
            },
            {
              "text": "Chunk size optimization",
              "status": "todo"
            },
            {
              "text": "Upload speed monitoring",
              "status": "todo"
            },
            {
              "text": "Bandwidth throttling",
              "status": "todo"
            }
          ]
        },
        {
          "title": "Media Processing Pipeline",
          "items": [
            {
              "text": "Upload event webhook",
              "status": "todo"
            },
            {
              "text": "Automatic thumbnail generation",
              "status": "todo"
            },
            {
              "text": "Image optimization workflow",
              "status": "todo"
            },
            {
              "text": "Video transcoding triggers",
              "status": "todo"
            },
            {
              "text": "Audio transcoding",
              "status": "todo"
            },
            {
              "text": "Format conversion",
              "status": "todo"
            },
            {
              "text": "Quality variants generation",
              "status": "todo"
            },
            {
              "text": "Metadata extraction",
              "status": "todo"
            },
            {
              "text": "Content moderation (AI)",
              "status": "todo"
            },
            {
              "text": "EXIF data handling",
              "status": "todo"
            },
            {
              "text": "Watermark application",
              "status": "todo"
            }
          ]
        },
        {
          "title": "Digital Asset Management (DAM)",
          "items": [
            {
              "text": "Asset categorization",
              "status": "todo"
            },
            {
              "text": "Asset tagging system",
              "status": "todo"
            },
            {
              "text": "Asset collections",
              "status": "todo"
            },
            {
              "text": "Asset versions",
              "status": "todo"
            },
            {
              "text": "Asset approval workflow",
              "status": "todo"
            },
            {
              "text": "Asset usage tracking",
              "status": "todo"
            },
            {
              "text": "Asset licensing info",
              "status": "todo"
            },
            {
              "text": "Asset expiration dates",
              "status": "todo"
            },
            {
              "text": "Asset rights management",
              "status": "todo"
            },
            {
              "text": "Asset search by metadata",
              "status": "todo"
            },
            {
              "text": "Asset bulk operations",
              "status": "todo"
            },
            {
              "text": "Asset download packages",
              "status": "todo"
            }
          ]
        },
        {
          "title": "File Sharing & Collaboration",
          "items": [
            {
              "text": "Share link generation",
              "status": "todo"
            },
            {
              "text": "Password-protected shares",
              "status": "todo"
            },
            {
              "text": "Expiring share links",
              "status": "todo"
            },
            {
              "text": "Download limits per share",
              "status": "todo"
            },
            {
              "text": "Share analytics (view count)",
              "status": "todo"
            },
            {
              "text": "Collaborative folders",
              "status": "todo"
            },
            {
              "text": "File comments",
              "status": "todo"
            },
            {
              "text": "File annotations",
              "status": "todo"
            },
            {
              "text": "Version history",
              "status": "todo"
            },
            {
              "text": "File locking",
              "status": "todo"
            },
            {
              "text": "Conflict resolution",
              "status": "todo"
            },
            {
              "text": "Real-time collaboration",
              "status": "todo"
            }
          ]
        }
      ]
    },
    {
      "title": "Advanced Realtime Patterns",
      "groups": [
        {
          "title": "Presence Management",
          "items": [
            {
              "text": "Online/offline status",
              "status": "todo"
            },
            {
              "text": "Last seen timestamp",
              "status": "todo"
            },
            {
              "text": "Typing indicators",
              "status": "todo"
            },
            {
              "text": "User activity status (active/away/busy)",
              "status": "todo"
            },
            {
              "text": "Custom status messages",
              "status": "todo"
            },
            {
              "text": "Location sharing",
              "status": "todo"
            },
            {
              "text": "Presence aggregation (team online count)",
              "status": "todo"
            },
            {
              "text": "Presence history",
              "status": "todo"
            },
            {
              "text": "Ghost presence cleanup",
              "status": "todo"
            },
            {
              "text": "Multi-device presence sync",
              "status": "todo"
            }
          ]
        },
        {
          "title": "Chat Application Patterns",
          "items": [
            {
              "text": "One-on-one messaging",
              "status": "todo"
            },
            {
              "text": "Group chats",
              "status": "todo"
            },
            {
              "text": "Channel-based communication",
              "status": "todo"
            },
            {
              "text": "Thread/reply system",
              "status": "todo"
            },
            {
              "text": "Message editing",
              "status": "todo"
            },
            {
              "text": "Message deletion",
              "status": "todo"
            },
            {
              "text": "Message reactions/emojis",
              "status": "todo"
            },
            {
              "text": "Read receipts",
              "status": "todo"
            },
            {
              "text": "Delivered status",
              "status": "todo"
            },
            {
              "text": "Typing indicators",
              "status": "todo"
            },
            {
              "text": "File sharing in chat",
              "status": "todo"
            },
            {
              "text": "Voice messages",
              "status": "todo"
            },
            {
              "text": "Video messages",
              "status": "todo"
            },
            {
              "text": "Message search",
              "status": "todo"
            },
            {
              "text": "Message pinning",
              "status": "todo"
            },
            {
              "text": "Message mentions",
              "status": "todo"
            },
            {
              "text": "Message formatting (markdown)",
              "status": "todo"
            },
            {
              "text": "Link previews",
              "status": "todo"
            },
            {
              "text": "Message encryption (E2E)",
              "status": "todo"
            }
          ]
        },
        {
          "title": "Live Dashboard Patterns",
          "items": [
            {
              "text": "Real-time metrics streaming",
              "status": "todo"
            },
            {
              "text": "Live chart updates",
              "status": "todo"
            },
            {
              "text": "Threshold alerts",
              "status": "todo"
            },
            {
              "text": "Metric aggregation",
              "status": "todo"
            },
            {
              "text": "Time-window calculations",
              "status": "todo"
            },
            {
              "text": "Historical comparison",
              "status": "todo"
            },
            {
              "text": "Drill-down capability",
              "status": "todo"
            },
            {
              "text": "Filter synchronization",
              "status": "todo"
            },
            {
              "text": "Multi-user dashboard sync",
              "status": "todo"
            },
            {
              "text": "Dashboard sharing",
              "status": "todo"
            },
            {
              "text": "Custom widget creation",
              "status": "todo"
            }
          ]
        },
        {
          "title": "Collaborative Editing Patterns",
          "items": [
            {
              "text": "Operational transformation (OT)",
              "status": "todo"
            },
            {
              "text": "CRDT implementation",
              "status": "todo"
            },
            {
              "text": "Cursor position sync",
              "status": "todo"
            },
            {
              "text": "Selection highlighting",
              "status": "todo"
            },
            {
              "text": "Change tracking",
              "status": "todo"
            },
            {
              "text": "Conflict-free merging",
              "status": "todo"
            },
            {
              "text": "Undo/redo synchronization",
              "status": "todo"
            },
            {
              "text": "Version vector tracking",
              "status": "todo"
            },
            {
              "text": "Tombstone markers",
              "status": "todo"
            },
            {
              "text": "Garbage collection",
              "status": "todo"
            }
          ]
        },
        {
          "title": "Live Notification Patterns",
          "items": [
            {
              "text": "In-app notifications",
              "status": "todo"
            },
            {
              "text": "Notification badge counts",
              "status": "todo"
            },
            {
              "text": "Notification categorization",
              "status": "todo"
            },
            {
              "text": "Notification priority levels",
              "status": "todo"
            },
            {
              "text": "Notification grouping",
              "status": "todo"
            },
            {
              "text": "Notification actions",
              "status": "todo"
            },
            {
              "text": "Notification persistence",
              "status": "todo"
            },
            {
              "text": "Notification history",
              "status": "todo"
            },
            {
              "text": "Notification preferences",
              "status": "todo"
            },
            {
              "text": "Push notification triggers",
              "status": "todo"
            },
            {
              "text": "Email digest triggers",
              "status": "todo"
            },
            {
              "text": "SMS notification triggers",
              "status": "todo"
            }
          ]
        },
        {
          "title": "Real-Time Gaming Patterns",
          "items": [
            {
              "text": "Game state synchronization",
              "status": "todo"
            },
            {
              "text": "Player input broadcasting",
              "status": "todo"
            },
            {
              "text": "Position interpolation",
              "status": "todo"
            },
            {
              "text": "Server reconciliation",
              "status": "todo"
            },
            {
              "text": "Client-side prediction",
              "status": "todo"
            },
            {
              "text": "Lag compensation",
              "status": "todo"
            },
            {
              "text": "Snapshot interpolation",
              "status": "todo"
            },
            {
              "text": "Event ordering",
              "status": "todo"
            },
            {
              "text": "Cheating prevention",
              "status": "todo"
            },
            {
              "text": "Tick-based updates",
              "status": "todo"
            }
          ]
        }
      ]
    },
    {
      "title": "Advanced Edge Function Patterns",
      "groups": [
        {
          "title": "API Gateway Patterns",
          "items": [
            {
              "text": "Request routing",
              "status": "todo"
            },
            {
              "text": "Request transformation",
              "status": "todo"
            },
            {
              "text": "Response transformation",
              "status": "todo"
            },
            {
              "text": "API composition (multiple backends)",
              "status": "todo"
            },
            {
              "text": "Request/response caching",
              "status": "todo"
            },
            {
              "text": "Rate limiting per endpoint",
              "status": "todo"
            },
            {
              "text": "API versioning routing",
              "status": "todo"
            },
            {
              "text": "Backend service discovery",
              "status": "todo"
            },
            {
              "text": "Load balancing",
              "status": "todo"
            },
            {
              "text": "Circuit breaker",
              "status": "todo"
            },
            {
              "text": "Retry logic",
              "status": "todo"
            },
            {
              "text": "Timeout handling",
              "status": "todo"
            },
            {
              "text": "Request validation",
              "status": "todo"
            },
            {
              "text": "Response validation",
              "status": "todo"
            },
            {
              "text": "API key management",
              "status": "todo"
            },
            {
              "text": "JWT validation",
              "status": "todo"
            }
          ]
        },
        {
          "title": "Serverless Microservices",
          "items": [
            {
              "text": "Service-per-function architecture",
              "status": "todo"
            },
            {
              "text": "Event-driven communication",
              "status": "todo"
            },
            {
              "text": "Message queue integration",
              "status": "todo"
            },
            {
              "text": "Service orchestration",
              "status": "todo"
            },
            {
              "text": "Service choreography",
              "status": "todo"
            },
            {
              "text": "Saga pattern implementation",
              "status": "todo"
            },
            {
              "text": "Distributed transactions",
              "status": "todo"
            },
            {
              "text": "Idempotency handling",
              "status": "todo"
            },
            {
              "text": "Service mesh integration",
              "status": "todo"
            },
            {
              "text": "Service discovery",
              "status": "todo"
            },
            {
              "text": "Health checks",
              "status": "todo"
            }
          ]
        },
        {
          "title": "Background Job Processing",
          "items": [
            {
              "text": "Job queue implementation",
              "status": "todo"
            },
            {
              "text": "Job priority queues",
              "status": "todo"
            },
            {
              "text": "Delayed job execution",
              "status": "todo"
            },
            {
              "text": "Scheduled jobs (cron)",
              "status": "todo"
            },
            {
              "text": "Job retry with backoff",
              "status": "todo"
            },
            {
              "text": "Dead letter queue",
              "status": "todo"
            },
            {
              "text": "Job status tracking",
              "status": "todo"
            },
            {
              "text": "Job progress updates",
              "status": "todo"
            },
            {
              "text": "Job cancellation",
              "status": "todo"
            },
            {
              "text": "Job chaining",
              "status": "todo"
            },
            {
              "text": "Job batching",
              "status": "todo"
            },
            {
              "text": "Worker pool management",
              "status": "todo"
            }
          ]
        },
        {
          "title": "Webhook Handlers",
          "items": [
            {
              "text": "Webhook signature verification",
              "status": "todo"
            },
            {
              "text": "Replay attack prevention",
              "status": "todo"
            },
            {
              "text": "Idempotent processing",
              "status": "todo"
            },
            {
              "text": "Event deduplication",
              "status": "todo"
            },
            {
              "text": "Event ordering",
              "status": "todo"
            },
            {
              "text": "Async processing",
              "status": "todo"
            },
            {
              "text": "Error handling and retry",
              "status": "todo"
            },
            {
              "text": "Webhook testing mode",
              "status": "todo"
            },
            {
              "text": "Webhook logging",
              "status": "todo"
            },
            {
              "text": "Webhook transformation",
              "status": "todo"
            }
          ]
        },
        {
          "title": "Data Processing Pipelines",
          "items": [
            {
              "text": "ETL workflows",
              "status": "todo"
            },
            {
              "text": "Data validation",
              "status": "todo"
            },
            {
              "text": "Data transformation",
              "status": "todo"
            },
            {
              "text": "Data enrichment",
              "status": "todo"
            },
            {
              "text": "Data aggregation",
              "status": "todo"
            },
            {
              "text": "Batch processing",
              "status": "todo"
            },
            {
              "text": "Stream processing",
              "status": "todo"
            },
            {
              "text": "Data quality checks",
              "status": "todo"
            },
            {
              "text": "Error handling",
              "status": "todo"
            },
            {
              "text": "Pipeline monitoring",
              "status": "todo"
            },
            {
              "text": "Pipeline orchestration",
              "status": "todo"
            }
          ]
        },
        {
          "title": "Integration Middleware",
          "items": [
            {
              "text": "Third-party API proxying",
              "status": "todo"
            },
            {
              "text": "API rate limit handling",
              "status": "todo"
            },
            {
              "text": "Response caching",
              "status": "todo"
            },
            {
              "text": "Request batching",
              "status": "todo"
            },
            {
              "text": "Request deduplication",
              "status": "todo"
            },
            {
              "text": "Error translation",
              "status": "todo"
            },
            {
              "text": "Authentication forwarding",
              "status": "todo"
            },
            {
              "text": "Token management",
              "status": "todo"
            },
            {
              "text": "Webhook fan-out",
              "status": "todo"
            },
            {
              "text": "Event transformation",
              "status": "todo"
            }
          ]
        }
      ]
    },
    {
      "title": "Advanced Security Patterns",
      "groups": [
        {
          "title": "Zero Trust Architecture",
          "items": [
            {
              "text": "Always verify authentication",
              "status": "todo"
            },
            {
              "text": "Always verify authorization",
              "status": "todo"
            },
            {
              "text": "Assume breach mentality",
              "status": "todo"
            },
            {
              "text": "Least privilege access",
              "status": "todo"
            },
            {
              "text": "Micro-segmentation",
              "status": "todo"
            },
            {
              "text": "Continuous verification",
              "status": "todo"
            },
            {
              "text": "Context-aware access",
              "status": "todo"
            },
            {
              "text": "Device trust verification",
              "status": "todo"
            },
            {
              "text": "Location-based access",
              "status": "todo"
            },
            {
              "text": "Time-based access",
              "status": "todo"
            }
          ]
        },
        {
          "title": "Defense in Depth",
          "items": [
            {
              "text": "Multiple security layers",
              "status": "todo"
            },
            {
              "text": "Network security",
              "status": "todo"
            },
            {
              "text": "Application security",
              "status": "todo"
            },
            {
              "text": "Database security",
              "status": "todo"
            },
            {
              "text": "Data security",
              "status": "todo"
            },
            {
              "text": "Endpoint security",
              "status": "todo"
            },
            {
              "text": "Identity security",
              "status": "todo"
            },
            {
              "text": "Physical security",
              "status": "todo"
            },
            {
              "text": "Procedural security",
              "status": "todo"
            },
            {
              "text": "Monitoring and response",
              "status": "todo"
            }
          ]
        },
        {
          "title": "Threat Detection",
          "items": [
            {
              "text": "Anomaly detection",
              "status": "todo"
            },
            {
              "text": "Behavior analysis",
              "status": "todo"
            },
            {
              "text": "Threat intelligence integration",
              "status": "todo"
            },
            {
              "text": "Intrusion detection",
              "status": "todo"
            },
            {
              "text": "Data exfiltration detection",
              "status": "todo"
            },
            {
              "text": "Suspicious login detection",
              "status": "todo"
            },
            {
              "text": "Brute force detection",
              "status": "todo"
            },
            {
              "text": "Account takeover detection",
              "status": "todo"
            },
            {
              "text": "API abuse detection",
              "status": "todo"
            },
            {
              "text": "Bot detection",
              "status": "todo"
            },
            {
              "text": "Credential stuffing detection",
              "status": "todo"
            }
          ]
        },
        {
          "title": "Incident Response Automation",
          "items": [
            {
              "text": "Automated threat response",
              "status": "todo"
            },
            {
              "text": "Account suspension automation",
              "status": "todo"
            },
            {
              "text": "IP blocking automation",
              "status": "todo"
            },
            {
              "text": "Alert escalation",
              "status": "todo"
            },
            {
              "text": "Forensic data collection",
              "status": "todo"
            },
            {
              "text": "Evidence preservation",
              "status": "todo"
            },
            {
              "text": "Automated remediation",
              "status": "todo"
            },
            {
              "text": "Post-incident analysis",
              "status": "todo"
            },
            {
              "text": "Playbook execution",
              "status": "todo"
            }
          ]
        },
        {
          "title": "Data Privacy Patterns",
          "items": [
            {
              "text": "Data anonymization",
              "status": "todo"
            },
            {
              "text": "Data pseudonymization",
              "status": "todo"
            },
            {
              "text": "Differential privacy",
              "status": "todo"
            },
            {
              "text": "Homomorphic encryption",
              "status": "todo"
            },
            {
              "text": "Secure multi-party computation",
              "status": "todo"
            },
            {
              "text": "Zero-knowledge proofs",
              "status": "todo"
            },
            {
              "text": "Privacy-preserving analytics",
              "status": "todo"
            },
            {
              "text": "Data minimization",
              "status": "todo"
            },
            {
              "text": "Purpose limitation",
              "status": "todo"
            },
            {
              "text": "Storage limitation",
              "status": "todo"
            }
          ]
        }
      ]
    },
    {
      "title": "Advanced Scalability Patterns",
      "groups": [
        {
          "title": "Database Scaling Strategies",
          "items": [
            {
              "text": "Vertical scaling (larger instances)",
              "status": "todo"
            },
            {
              "text": "Horizontal scaling (read replicas)",
              "status": "todo"
            },
            {
              "text": "Database sharding",
              "status": "todo"
            },
            {
              "text": "Partitioning strategies",
              "status": "todo"
            },
            {
              "text": "Connection pooling optimization",
              "status": "todo"
            },
            {
              "text": "Query result caching",
              "status": "todo"
            },
            {
              "text": "Materialized views",
              "status": "todo"
            },
            {
              "text": "Denormalization for reads",
              "status": "todo"
            },
            {
              "text": "Database archiving",
              "status": "todo"
            },
            {
              "text": "Cold storage migration",
              "status": "todo"
            }
          ]
        },
        {
          "title": "Application Scaling Strategies",
          "items": [
            {
              "text": "Stateless application design",
              "status": "todo"
            },
            {
              "text": "Horizontal pod autoscaling",
              "status": "todo"
            },
            {
              "text": "Load balancing strategies",
              "status": "todo"
            },
            {
              "text": "Session externalization",
              "status": "todo"
            },
            {
              "text": "Cache-aside pattern",
              "status": "todo"
            },
            {
              "text": "Read-through caching",
              "status": "todo"
            },
            {
              "text": "Write-through caching",
              "status": "todo"
            },
            {
              "text": "Write-behind caching",
              "status": "todo"
            },
            {
              "text": "Circuit breaker pattern",
              "status": "todo"
            },
            {
              "text": "Bulkhead pattern",
              "status": "todo"
            },
            {
              "text": "Backpressure handling",
              "status": "todo"
            }
          ]
        },
        {
          "title": "Caching Strategies",
          "items": [
            {
              "text": "Client-side caching",
              "status": "todo"
            },
            {
              "text": "CDN caching",
              "status": "todo"
            },
            {
              "text": "API gateway caching",
              "status": "todo"
            },
            {
              "text": "Application caching",
              "status": "todo"
            },
            {
              "text": "Database query caching",
              "status": "todo"
            },
            {
              "text": "Full-page caching",
              "status": "todo"
            },
            {
              "text": "Fragment caching",
              "status": "todo"
            },
            {
              "text": "Object caching",
              "status": "todo"
            },
            {
              "text": "Distributed caching",
              "status": "todo"
            },
            {
              "text": "Cache invalidation strategies",
              "status": "todo"
            },
            {
              "text": "Cache warming",
              "status": "todo"
            },
            {
              "text": "Cache stampede prevention",
              "status": "todo"
            }
          ]
        },
        {
          "title": "Asynchronous Processing",
          "items": [
            {
              "text": "Message queues",
              "status": "todo"
            },
            {
              "text": "Event streaming",
              "status": "todo"
            },
            {
              "text": "Pub/sub patterns",
              "status": "todo"
            },
            {
              "text": "Event sourcing",
              "status": "todo"
            },
            {
              "text": "CQRS implementation",
              "status": "todo"
            },
            {
              "text": "Background jobs",
              "status": "todo"
            },
            {
              "text": "Scheduled tasks",
              "status": "todo"
            },
            {
              "text": "Webhook delivery",
              "status": "todo"
            },
            {
              "text": "Email queuing",
              "status": "todo"
            },
            {
              "text": "Notification queuing",
              "status": "todo"
            }
          ]
        }
      ]
    },
    {
      "title": "Advanced Monitoring & Observability",
      "groups": [
        {
          "title": "Distributed Tracing",
          "items": [
            {
              "text": "Request ID propagation",
              "status": "todo"
            },
            {
              "text": "Trace context propagation",
              "status": "todo"
            },
            {
              "text": "Span creation and tracking",
              "status": "todo"
            },
            {
              "text": "Parent-child span relationships",
              "status": "todo"
            },
            {
              "text": "Service dependency mapping",
              "status": "todo"
            },
            {
              "text": "Latency analysis",
              "status": "todo"
            },
            {
              "text": "Error attribution",
              "status": "todo"
            },
            {
              "text": "Performance bottleneck identification",
              "status": "todo"
            },
            {
              "text": "Trace sampling strategies",
              "status": "todo"
            }
          ]
        },
        {
          "title": "Application Performance Monitoring (APM)",
          "items": [
            {
              "text": "Transaction monitoring",
              "status": "todo"
            },
            {
              "text": "Database query monitoring",
              "status": "todo"
            },
            {
              "text": "External API call monitoring",
              "status": "todo"
            },
            {
              "text": "Error tracking",
              "status": "todo"
            },
            {
              "text": "Exception tracking",
              "status": "todo"
            },
            {
              "text": "Performance metrics",
              "status": "todo"
            },
            {
              "text": "Apdex scores",
              "status": "todo"
            },
            {
              "text": "User satisfaction metrics",
              "status": "todo"
            },
            {
              "text": "Real user monitoring",
              "status": "todo"
            },
            {
              "text": "Synthetic monitoring",
              "status": "todo"
            }
          ]
        },
        {
          "title": "Custom Metrics & KPIs",
          "items": [
            {
              "text": "Business metrics tracking",
              "status": "todo"
            },
            {
              "text": "Custom event tracking",
              "status": "todo"
            },
            {
              "text": "Conversion funnel metrics",
              "status": "todo"
            },
            {
              "text": "User engagement metrics",
              "status": "todo"
            },
            {
              "text": "Revenue metrics",
              "status": "todo"
            },
            {
              "text": "Customer satisfaction scores",
              "status": "todo"
            },
            {
              "text": "SLA compliance metrics",
              "status": "todo"
            },
            {
              "text": "Service level indicators (SLI)",
              "status": "todo"
            },
            {
              "text": "Service level objectives (SLO)",
              "status": "todo"
            },
            {
              "text": "Error budgets",
              "status": "todo"
            }
          ]
        },
        {
          "title": "Log Management Advanced",
          "items": [
            {
              "text": "Structured logging",
              "status": "todo"
            },
            {
              "text": "Log levels (DEBUG, INFO, WARN, ERROR)",
              "status": "todo"
            },
            {
              "text": "Contextual logging",
              "status": "todo"
            },
            {
              "text": "Correlation IDs",
              "status": "todo"
            },
            {
              "text": "Log aggregation",
              "status": "todo"
            },
            {
              "text": "Log parsing",
              "status": "todo"
            },
            {
              "text": "Log searching",
              "status": "todo"
            },
            {
              "text": "Log alerting",
              "status": "todo"
            },
            {
              "text": "Log retention policies",
              "status": "todo"
            },
            {
              "text": "Log archiving",
              "status": "todo"
            },
            {
              "text": "Log analysis",
              "status": "todo"
            },
            {
              "text": "Log visualization",
              "status": "todo"
            }
          ]
        },
        {
          "title": "Alerting Advanced",
          "items": [
            {
              "text": "Multi-condition alerts",
              "status": "todo"
            },
            {
              "text": "Composite alerts",
              "status": "todo"
            },
            {
              "text": "Alert deduplication",
              "status": "todo"
            },
            {
              "text": "Alert grouping",
              "status": "todo"
            },
            {
              "text": "Alert suppression",
              "status": "todo"
            },
            {
              "text": "Alert snoozing",
              "status": "todo"
            },
            {
              "text": "Alert escalation policies",
              "status": "todo"
            },
            {
              "text": "On-call scheduling",
              "status": "todo"
            },
            {
              "text": "Alert fatigue prevention",
              "status": "todo"
            },
            {
              "text": "Anomaly-based alerting",
              "status": "todo"
            },
            {
              "text": "Predictive alerting",
              "status": "todo"
            },
            {
              "text": "Smart alerting (ML-based)",
              "status": "todo"
            }
          ]
        }
      ]
    },
    {
      "title": "Developer Productivity Tools",
      "groups": [
        {
          "title": "Code Generation",
          "items": [
            {
              "text": "TypeScript types from database schema",
              "status": "todo"
            },
            {
              "text": "API client generation",
              "status": "todo"
            },
            {
              "text": "GraphQL schema generation",
              "status": "todo"
            },
            {
              "text": "OpenAPI/Swagger spec generation",
              "status": "todo"
            },
            {
              "text": "Database migration generation",
              "status": "todo"
            },
            {
              "text": "Test fixture generation",
              "status": "todo"
            },
            {
              "text": "Mock data generation",
              "status": "todo"
            },
            {
              "text": "Seed data generation",
              "status": "todo"
            }
          ]
        },
        {
          "title": "Development Workflow",
          "items": [
            {
              "text": "Local environment setup",
              "status": "todo"
            },
            {
              "text": "Docker Compose configuration",
              "status": "todo"
            },
            {
              "text": "Development containers",
              "status": "todo"
            },
            {
              "text": "Pre-commit hooks",
              "status": "todo"
            },
            {
              "text": "Code formatting (Prettier, ESLint)",
              "status": "todo"
            },
            {
              "text": "Linting rules",
              "status": "todo"
            },
            {
              "text": "Type checking",
              "status": "todo"
            },
            {
              "text": "Unit test running",
              "status": "todo"
            },
            {
              "text": "Integration test running",
              "status": "todo"
            },
            {
              "text": "E2E test running",
              "status": "todo"
            },
            {
              "text": "Code coverage reporting",
              "status": "todo"
            }
          ]
        },
        {
          "title": "Documentation Tools",
          "items": [
            {
              "text": "API documentation generation",
              "status": "todo"
            },
            {
              "text": "Database schema documentation",
              "status": "todo"
            },
            {
              "text": "Interactive API explorer",
              "status": "todo"
            },
            {
              "text": "Code comments to docs",
              "status": "todo"
            },
            {
              "text": "Architecture diagrams",
              "status": "todo"
            },
            {
              "text": "Entity relationship diagrams",
              "status": "todo"
            },
            {
              "text": "Sequence diagrams",
              "status": "todo"
            },
            {
              "text": "Flow charts",
              "status": "todo"
            },
            {
              "text": "Decision trees",
              "status": "todo"
            }
          ]
        },
        {
          "title": "Debugging Tools",
          "items": [
            {
              "text": "Query explain analyzer",
              "status": "todo"
            },
            {
              "text": "Performance profiling",
              "status": "todo"
            },
            {
              "text": "Memory leak detection",
              "status": "todo"
            },
            {
              "text": "Network request inspection",
              "status": "todo"
            },
            {
              "text": "WebSocket message inspection",
              "status": "todo"
            },
            {
              "text": "Database query logging",
              "status": "todo"
            },
            {
              "text": "Function execution logs",
              "status": "todo"
            },
            {
              "text": "Error stack traces",
              "status": "todo"
            },
            {
              "text": "Source map support",
              "status": "todo"
            }
          ]
        }
      ]
    },
    {
      "title": "Business Continuity & Disaster Recovery",
      "groups": [
        {
          "title": "Backup Strategies Advanced",
          "items": [
            {
              "text": "Full backup schedule",
              "status": "todo"
            },
            {
              "text": "Incremental backup schedule",
              "status": "todo"
            },
            {
              "text": "Differential backup schedule",
              "status": "todo"
            },
            {
              "text": "Continuous backup (WAL shipping)",
              "status": "todo"
            },
            {
              "text": "Cross-region backup replication",
              "status": "todo"
            },
            {
              "text": "Backup encryption",
              "status": "todo"
            },
            {
              "text": "Backup integrity verification",
              "status": "todo"
            },
            {
              "text": "Backup retention policies",
              "status": "todo"
            },
            {
              "text": "Backup rotation schedule",
              "status": "todo"
            },
            {
              "text": "Offsite backup storage",
              "status": "todo"
            },
            {
              "text": "Air-gapped backups",
              "status": "todo"
            },
            {
              "text": "Immutable backups",
              "status": "todo"
            }
          ]
        },
        {
          "title": "Recovery Procedures",
          "items": [
            {
              "text": "Point-in-time recovery (PITR)",
              "status": "todo"
            },
            {
              "text": "Full database restore",
              "status": "todo"
            },
            {
              "text": "Selective table restore",
              "status": "todo"
            },
            {
              "text": "Granular object restore",
              "status": "todo"
            },
            {
              "text": "Recovery time objective (RTO) testing",
              "status": "todo"
            },
            {
              "text": "Recovery point objective (RPO) testing",
              "status": "todo"
            },
            {
              "text": "Restore testing schedule",
              "status": "todo"
            },
            {
              "text": "Recovery documentation",
              "status": "todo"
            },
            {
              "text": "Recovery automation",
              "status": "todo"
            },
            {
              "text": "Recovery validation",
              "status": "todo"
            },
            {
              "text": "Recovery reporting",
              "status": "todo"
            }
          ]
        },
        {
          "title": "Failover & Failback",
          "items": [
            {
              "text": "Automatic failover triggers",
              "status": "todo"
            },
            {
              "text": "Manual failover procedures",
              "status": "todo"
            },
            {
              "text": "Failover testing",
              "status": "todo"
            },
            {
              "text": "Failover notification",
              "status": "todo"
            },
            {
              "text": "DNS failover",
              "status": "todo"
            },
            {
              "text": "Application failover",
              "status": "todo"
            },
            {
              "text": "Database failover",
              "status": "todo"
            },
            {
              "text": "Storage failover",
              "status": "todo"
            },
            {
              "text": "Failback procedures",
              "status": "todo"
            },
            {
              "text": "Failback validation",
              "status": "todo"
            },
            {
              "text": "Post-failover verification",
              "status": "todo"
            }
          ]
        },
        {
          "title": "Business Continuity Planning",
          "items": [
            {
              "text": "Critical business functions identification",
              "status": "todo"
            },
            {
              "text": "Impact analysis",
              "status": "todo"
            },
            {
              "text": "Recovery prioritization",
              "status": "todo"
            },
            {
              "text": "Communication plan",
              "status": "todo"
            },
            {
              "text": "Stakeholder notification",
              "status": "todo"
            },
            {
              "text": "Customer communication",
              "status": "todo"
            },
            {
              "text": "Alternative work arrangements",
              "status": "todo"
            },
            {
              "text": "Supply chain contingencies",
              "status": "todo"
            },
            {
              "text": "Third-party dependencies",
              "status": "todo"
            },
            {
              "text": "Regular BC testing",
              "status": "todo"
            },
            {
              "text": "BC plan updates",
              "status": "todo"
            },
            {
              "text": "BC training",
              "status": "todo"
            }
          ]
        }
      ]
    }
  ]
}