[
  {
    "module": "01_multi_tenancy_isolation.md",
    "title": "MULTI-TENANCY & ISOLATION",
    "items": [
      {
        "id": "01_multi_tenancy_isolation.md:1",
        "text": "Complete data isolation between tenants"
      },
      {
        "id": "01_multi_tenancy_isolation.md:2",
        "text": "DB-level tenant separation (separate schemas/databases)"
      },
      {
        "id": "01_multi_tenancy_isolation.md:3",
        "text": "App-level tenant isolation"
      },
      {
        "id": "01_multi_tenancy_isolation.md:4",
        "text": "Network-level tenant isolation"
      },
      {
        "id": "01_multi_tenancy_isolation.md:5",
        "text": "Storage isolation per tenant"
      },
      {
        "id": "01_multi_tenancy_isolation.md:6",
        "text": "Cache isolation (prevent cache poisoning)"
      },
      {
        "id": "01_multi_tenancy_isolation.md:7",
        "text": "Session isolation"
      },
      {
        "id": "01_multi_tenancy_isolation.md:8",
        "text": "Queue/message isolation"
      },
      {
        "id": "01_multi_tenancy_isolation.md:9",
        "text": "Log isolation per tenant"
      },
      {
        "id": "01_multi_tenancy_isolation.md:10",
        "text": "Backup isolation"
      },
      {
        "id": "01_multi_tenancy_isolation.md:11",
        "text": "Encryption key isolation per tenant"
      },
      {
        "id": "01_multi_tenancy_isolation.md:12",
        "text": "Resource namespace isolation"
      },
      {
        "id": "01_multi_tenancy_isolation.md:13",
        "text": "Container/pod isolation per tenant"
      },
      {
        "id": "01_multi_tenancy_isolation.md:14",
        "text": "API rate limiting per tenant"
      },
      {
        "id": "01_multi_tenancy_isolation.md:15",
        "text": "Prevent cross-tenant data leakage"
      },
      {
        "id": "01_multi_tenancy_isolation.md:16",
        "text": "Tenant context validation on every request"
      },
      {
        "id": "01_multi_tenancy_isolation.md:17",
        "text": "Subdomain/domain isolation per tenant"
      },
      {
        "id": "01_multi_tenancy_isolation.md:18",
        "text": "CDN isolation configuration"
      },
      {
        "id": "01_multi_tenancy_isolation.md:19",
        "text": "Secure tenant provisioning"
      },
      {
        "id": "01_multi_tenancy_isolation.md:20",
        "text": "Tenant onboarding workflow"
      },
      {
        "id": "01_multi_tenancy_isolation.md:21",
        "text": "Tenant configuration management"
      },
      {
        "id": "01_multi_tenancy_isolation.md:22",
        "text": "Tenant-specific feature flags"
      },
      {
        "id": "01_multi_tenancy_isolation.md:23",
        "text": "Tenant capacity limits"
      },
      {
        "id": "01_multi_tenancy_isolation.md:24",
        "text": "Tenant resource quotas"
      },
      {
        "id": "01_multi_tenancy_isolation.md:25",
        "text": "Tenant suspension capability"
      },
      {
        "id": "01_multi_tenancy_isolation.md:26",
        "text": "Tenant deletion/offboarding"
      },
      {
        "id": "01_multi_tenancy_isolation.md:27",
        "text": "Data portability for tenants"
      },
      {
        "id": "01_multi_tenancy_isolation.md:28",
        "text": "Tenant hierarchy (sub-tenants)"
      },
      {
        "id": "01_multi_tenancy_isolation.md:29",
        "text": "Tenant branding isolation"
      },
      {
        "id": "01_multi_tenancy_isolation.md:30",
        "text": "Tenant custom domain support"
      },
      {
        "id": "01_multi_tenancy_isolation.md:31",
        "text": "Tenant SSO configuration"
      },
      {
        "id": "01_multi_tenancy_isolation.md:32",
        "text": "Tenant API key management"
      },
      {
        "id": "01_multi_tenancy_isolation.md:33",
        "text": "Tenant user management"
      },
      {
        "id": "01_multi_tenancy_isolation.md:34",
        "text": "Tenant role hierarchy"
      },
      {
        "id": "01_multi_tenancy_isolation.md:35",
        "text": "Tenant admin privileges"
      },
      {
        "id": "01_multi_tenancy_isolation.md:36",
        "text": "Tenant billing isolation"
      },
      {
        "id": "01_multi_tenancy_isolation.md:37",
        "text": "API rate limits per tenant"
      },
      {
        "id": "01_multi_tenancy_isolation.md:38",
        "text": "Storage quotas per tenant"
      },
      {
        "id": "01_multi_tenancy_isolation.md:39",
        "text": "Bandwidth limits per tenant"
      },
      {
        "id": "01_multi_tenancy_isolation.md:40",
        "text": "Compute resource limits"
      },
      {
        "id": "01_multi_tenancy_isolation.md:41",
        "text": "DB connection limits"
      },
      {
        "id": "01_multi_tenancy_isolation.md:42",
        "text": "Concurrent user limits"
      },
      {
        "id": "01_multi_tenancy_isolation.md:43",
        "text": "API call quotas"
      },
      {
        "id": "01_multi_tenancy_isolation.md:44",
        "text": "File upload size limits per tenant"
      },
      {
        "id": "01_multi_tenancy_isolation.md:45",
        "text": "Number of users per tenant"
      },
      {
        "id": "01_multi_tenancy_isolation.md:46",
        "text": "Projects/workspaces per tenant"
      },
      {
        "id": "01_multi_tenancy_isolation.md:47",
        "text": "Email sending limits per tenant"
      },
      {
        "id": "01_multi_tenancy_isolation.md:48",
        "text": "Webhook limits per tenant"
      },
      {
        "id": "01_multi_tenancy_isolation.md:49",
        "text": "Custom domain limits"
      },
      {
        "id": "01_multi_tenancy_isolation.md:50",
        "text": "Integration limits"
      },
      {
        "id": "01_multi_tenancy_isolation.md:51",
        "text": "Export/import limits"
      },
      {
        "id": "01_multi_tenancy_isolation.md:52",
        "text": "Quota enforcement mechanisms"
      },
      {
        "id": "01_multi_tenancy_isolation.md:53",
        "text": "Quota monitoring and alerting"
      },
      {
        "id": "01_multi_tenancy_isolation.md:54",
        "text": "Soft vs hard limits"
      },
      {
        "id": "01_multi_tenancy_isolation.md:55",
        "text": "Overage handling"
      },
      {
        "id": "01_multi_tenancy_isolation.md:56",
        "text": "Grace period for quota violations"
      }
    ]
  },
  {
    "module": "02_subscription_billing_security.md",
    "title": "SUBSCRIPTION & BILLING SECURITY",
    "items": [
      {
        "id": "02_subscription_billing_security.md:1",
        "text": "PCI DSS compliance (as applicable)"
      },
      {
        "id": "02_subscription_billing_security.md:2",
        "text": "Never store card data (use PSP tokens)"
      },
      {
        "id": "02_subscription_billing_security.md:3",
        "text": "Tokenization for payment methods"
      },
      {
        "id": "02_subscription_billing_security.md:4",
        "text": "Secure PSP integration (webhooks verified)"
      },
      {
        "id": "02_subscription_billing_security.md:5",
        "text": "3DS/SCA compliance"
      },
      {
        "id": "02_subscription_billing_security.md:6",
        "text": "Webhook signature verification"
      },
      {
        "id": "02_subscription_billing_security.md:7",
        "text": "Fraud detection + velocity checks"
      },
      {
        "id": "02_subscription_billing_security.md:8",
        "text": "Chargeback handling"
      },
      {
        "id": "02_subscription_billing_security.md:9",
        "text": "Refund security"
      },
      {
        "id": "02_subscription_billing_security.md:10",
        "text": "Invoice generation security"
      },
      {
        "id": "02_subscription_billing_security.md:11",
        "text": "Retry logic + dunning"
      },
      {
        "id": "02_subscription_billing_security.md:12",
        "text": "Failed payment handling"
      },
      {
        "id": "02_subscription_billing_security.md:13",
        "text": "Payment method update security"
      },
      {
        "id": "02_subscription_billing_security.md:14",
        "text": "Plan change security (upgrade/downgrade)"
      },
      {
        "id": "02_subscription_billing_security.md:15",
        "text": "Proration correctness"
      },
      {
        "id": "02_subscription_billing_security.md:16",
        "text": "Trial management"
      },
      {
        "id": "02_subscription_billing_security.md:17",
        "text": "Coupon/discount security"
      },
      {
        "id": "02_subscription_billing_security.md:18",
        "text": "Affiliate tracking integrity"
      },
      {
        "id": "02_subscription_billing_security.md:19",
        "text": "Tax calculation security"
      },
      {
        "id": "02_subscription_billing_security.md:20",
        "text": "Multi-currency edge cases"
      },
      {
        "id": "02_subscription_billing_security.md:21",
        "text": "Subscription state machine"
      },
      {
        "id": "02_subscription_billing_security.md:22",
        "text": "Feature access by plan (server-enforced)"
      },
      {
        "id": "02_subscription_billing_security.md:23",
        "text": "Grace periods"
      },
      {
        "id": "02_subscription_billing_security.md:24",
        "text": "Downgrade retention policies"
      },
      {
        "id": "02_subscription_billing_security.md:25",
        "text": "Cancellation workflow"
      },
      {
        "id": "02_subscription_billing_security.md:26",
        "text": "Pause/resume"
      },
      {
        "id": "02_subscription_billing_security.md:27",
        "text": "Seat enforcement"
      },
      {
        "id": "02_subscription_billing_security.md:28",
        "text": "Usage-based billing integrity"
      },
      {
        "id": "02_subscription_billing_security.md:29",
        "text": "Meter accuracy + reconciliation"
      },
      {
        "id": "02_subscription_billing_security.md:30",
        "text": "Billing cycles"
      },
      {
        "id": "02_subscription_billing_security.md:31",
        "text": "Invoice access control"
      },
      {
        "id": "02_subscription_billing_security.md:32",
        "text": "Payment history security"
      },
      {
        "id": "02_subscription_billing_security.md:33",
        "text": "Subscription transfers"
      },
      {
        "id": "02_subscription_billing_security.md:34",
        "text": "Corporate billing (POs)"
      },
      {
        "id": "02_subscription_billing_security.md:35",
        "text": "Credit management"
      },
      {
        "id": "02_subscription_billing_security.md:36",
        "text": "Billing notifications"
      },
      {
        "id": "02_subscription_billing_security.md:37",
        "text": "Dunning management"
      }
    ]
  },
  {
    "module": "03_api_integration_security.md",
    "title": "API & INTEGRATION SECURITY",
    "items": [
      {
        "id": "03_api_integration_security.md:1",
        "text": "OAuth2/OIDC"
      },
      {
        "id": "03_api_integration_security.md:2",
        "text": "API keys per tenant + rotation"
      },
      {
        "id": "03_api_integration_security.md:3",
        "text": "JWT signature verification + expiry"
      },
      {
        "id": "03_api_integration_security.md:4",
        "text": "Scope-based permissions"
      },
      {
        "id": "03_api_integration_security.md:5",
        "text": "Service accounts / M2M auth"
      },
      {
        "id": "03_api_integration_security.md:6",
        "text": "Read-only vs read-write keys"
      },
      {
        "id": "03_api_integration_security.md:7",
        "text": "Webhook auth + signature verification"
      },
      {
        "id": "03_api_integration_security.md:8",
        "text": "IP allowlists (optional)"
      },
      {
        "id": "03_api_integration_security.md:9",
        "text": "Auth logging"
      },
      {
        "id": "03_api_integration_security.md:10",
        "text": "Global + per-tenant + per-user limits"
      },
      {
        "id": "03_api_integration_security.md:11",
        "text": "Per-endpoint limits"
      },
      {
        "id": "03_api_integration_security.md:12",
        "text": "Burst handling"
      },
      {
        "id": "03_api_integration_security.md:13",
        "text": "Standard headers + 429 responses"
      },
      {
        "id": "03_api_integration_security.md:14",
        "text": "Distributed rate limiting"
      },
      {
        "id": "03_api_integration_security.md:15",
        "text": "Abuse detection"
      },
      {
        "id": "03_api_integration_security.md:16",
        "text": "GraphQL depth + complexity limits"
      },
      {
        "id": "03_api_integration_security.md:17",
        "text": "Batch/concurrent request limits"
      },
      {
        "id": "03_api_integration_security.md:18",
        "text": "HMAC verification"
      },
      {
        "id": "03_api_integration_security.md:19",
        "text": "Retries with backoff"
      },
      {
        "id": "03_api_integration_security.md:20",
        "text": "Delivery confirmation + idempotency"
      },
      {
        "id": "03_api_integration_security.md:21",
        "text": "Timeouts"
      },
      {
        "id": "03_api_integration_security.md:22",
        "text": "Failure notifications"
      },
      {
        "id": "03_api_integration_security.md:23",
        "text": "Endpoint validation"
      },
      {
        "id": "03_api_integration_security.md:24",
        "text": "Replay prevention"
      },
      {
        "id": "03_api_integration_security.md:25",
        "text": "Secret rotation"
      },
      {
        "id": "03_api_integration_security.md:26",
        "text": "Delivery status tracking"
      },
      {
        "id": "03_api_integration_security.md:27",
        "text": "Dead-letter queue"
      },
      {
        "id": "03_api_integration_security.md:28",
        "text": "OAuth scope minimization"
      },
      {
        "id": "03_api_integration_security.md:29",
        "text": "Permissions review"
      },
      {
        "id": "03_api_integration_security.md:30",
        "text": "Token storage security"
      },
      {
        "id": "03_api_integration_security.md:31",
        "text": "Rate limit handling"
      },
      {
        "id": "03_api_integration_security.md:32",
        "text": "Monitoring + error handling"
      },
      {
        "id": "03_api_integration_security.md:33",
        "text": "Marketplace security + approval workflows"
      },
      {
        "id": "03_api_integration_security.md:34",
        "text": "Sandbox/testing environment"
      },
      {
        "id": "03_api_integration_security.md:35",
        "text": "Versioning + deprecation"
      },
      {
        "id": "03_api_integration_security.md:36",
        "text": "Access control"
      },
      {
        "id": "03_api_integration_security.md:37",
        "text": "No sensitive endpoints in public docs"
      },
      {
        "id": "03_api_integration_security.md:38",
        "text": "Sanitized examples"
      },
      {
        "id": "03_api_integration_security.md:39",
        "text": "Sandbox mode"
      },
      {
        "id": "03_api_integration_security.md:40",
        "text": "Security guidance embedded"
      },
      {
        "id": "03_api_integration_security.md:41",
        "text": "Deprecation + changelog hygiene"
      }
    ]
  },
  {
    "module": "04_data_residency_portability.md",
    "title": "DATA RESIDENCY & SOVEREIGNTY",
    "items": [
      {
        "id": "04_data_residency_portability.md:1",
        "text": "Multi-region deploy"
      },
      {
        "id": "04_data_residency_portability.md:2",
        "text": "Data residency per tenant"
      },
      {
        "id": "04_data_residency_portability.md:3",
        "text": "Regional failover controls"
      },
      {
        "id": "04_data_residency_portability.md:4",
        "text": "Cross-region replication controls"
      },
      {
        "id": "04_data_residency_portability.md:5",
        "text": "Transfer mechanisms (SCC/BCR as needed)"
      },
      {
        "id": "04_data_residency_portability.md:6",
        "text": "Local processing law awareness"
      },
      {
        "id": "04_data_residency_portability.md:7",
        "text": "Transparency about data location"
      },
      {
        "id": "04_data_residency_portability.md:8",
        "text": "Region choice + SLA commitments"
      },
      {
        "id": "04_data_residency_portability.md:9",
        "text": "Full export (JSON/CSV) + metadata/config"
      },
      {
        "id": "04_data_residency_portability.md:10",
        "text": "Large dataset export handling"
      },
      {
        "id": "04_data_residency_portability.md:11",
        "text": "Export encryption + access logging"
      },
      {
        "id": "04_data_residency_portability.md:12",
        "text": "Scheduled vs on-demand exports"
      },
      {
        "id": "04_data_residency_portability.md:13",
        "text": "Export retention + deletion after download"
      },
      {
        "id": "04_data_residency_portability.md:14",
        "text": "Import validation + rollback"
      },
      {
        "id": "04_data_residency_portability.md:15",
        "text": "SAR support (data subject access requests)"
      }
    ]
  },
  {
    "module": "05_onboarding_provisioning.md",
    "title": "TENANT ONBOARDING & PROVISIONING",
    "items": [
      {
        "id": "05_onboarding_provisioning.md:1",
        "text": "Verified email (and optional phone)"
      },
      {
        "id": "05_onboarding_provisioning.md:2",
        "text": "Domain verification for enterprise"
      },
      {
        "id": "05_onboarding_provisioning.md:3",
        "text": "KYC (only if your business model needs it)"
      },
      {
        "id": "05_onboarding_provisioning.md:4",
        "text": "ToS/Privacy/AUP acceptance tracking"
      },
      {
        "id": "05_onboarding_provisioning.md:5",
        "text": "Signup CAPTCHA + rate limiting"
      },
      {
        "id": "05_onboarding_provisioning.md:6",
        "text": "Disposable email detection"
      },
      {
        "id": "05_onboarding_provisioning.md:7",
        "text": "Fraud signals during signup"
      },
      {
        "id": "05_onboarding_provisioning.md:8",
        "text": "Automated tenant creation + default roles"
      },
      {
        "id": "05_onboarding_provisioning.md:9",
        "text": "Schema/db creation (if used)"
      },
      {
        "id": "05_onboarding_provisioning.md:10",
        "text": "Quota + flags initialized"
      },
      {
        "id": "05_onboarding_provisioning.md:11",
        "text": "Backup + monitoring hooks created"
      },
      {
        "id": "05_onboarding_provisioning.md:12",
        "text": "Audit trail for provisioning"
      },
      {
        "id": "05_onboarding_provisioning.md:13",
        "text": "Rollback + cleanup on failure"
      },
      {
        "id": "05_onboarding_provisioning.md:14",
        "text": "Time limits + retry policy"
      }
    ]
  },
  {
    "module": "06_offboarding_data_deletion.md",
    "title": "TENANT OFFBOARDING & DATA DELETION",
    "items": [
      {
        "id": "06_offboarding_data_deletion.md:1",
        "text": "Self-service cancellation + confirmation"
      },
      {
        "id": "06_offboarding_data_deletion.md:2",
        "text": "End-of-period vs immediate behavior"
      },
      {
        "id": "06_offboarding_data_deletion.md:3",
        "text": "Refund + proration correctness"
      },
      {
        "id": "06_offboarding_data_deletion.md:4",
        "text": "Retention window communication"
      },
      {
        "id": "06_offboarding_data_deletion.md:5",
        "text": "Reactivation window"
      },
      {
        "id": "06_offboarding_data_deletion.md:6",
        "text": "Suspension before deletion"
      },
      {
        "id": "06_offboarding_data_deletion.md:7",
        "text": "Cancellation audit logging"
      },
      {
        "id": "06_offboarding_data_deletion.md:8",
        "text": "Hard delete vs anonymization rules"
      },
      {
        "id": "06_offboarding_data_deletion.md:9",
        "text": "Cascading deletion across services"
      },
      {
        "id": "06_offboarding_data_deletion.md:10",
        "text": "Backup deletion schedule (after retention)"
      },
      {
        "id": "06_offboarding_data_deletion.md:11",
        "text": "CDN purge, search index deletion, analytics deletion"
      },
      {
        "id": "06_offboarding_data_deletion.md:12",
        "text": "Third-party deletion coordination"
      },
      {
        "id": "06_offboarding_data_deletion.md:13",
        "text": "Deletion verification + certificate (enterprise)"
      },
      {
        "id": "06_offboarding_data_deletion.md:14",
        "text": "Irreversible recovery after deletion"
      }
    ]
  },
  {
    "module": "07_saas_compliance.md",
    "title": "SAAS-SPECIFIC COMPLIANCE",
    "items": [
      {
        "id": "07_saas_compliance.md:1",
        "text": "Control environment + evidence collection"
      },
      {
        "id": "07_saas_compliance.md:2",
        "text": "Access reviews, change management, incident response tests"
      },
      {
        "id": "07_saas_compliance.md:3",
        "text": "Vendor risk program"
      },
      {
        "id": "07_saas_compliance.md:4",
        "text": "Audit cadence + report sharing (NDA)"
      },
      {
        "id": "07_saas_compliance.md:5",
        "text": "ISMS, SoA, internal audits, continuous improvement"
      },
      {
        "id": "07_saas_compliance.md:6",
        "text": "Asset mgmt, access control, supplier relationships"
      },
      {
        "id": "07_saas_compliance.md:7",
        "text": "DPA, lawful basis, consent, SAR, deletion, portability"
      },
      {
        "id": "07_saas_compliance.md:8",
        "text": "DPIA, ROPA, breach notification timelines"
      },
      {
        "id": "07_saas_compliance.md:9",
        "text": "Privacy by design/default, retention schedules"
      },
      {
        "id": "07_saas_compliance.md:10",
        "text": "CCPA/CPRA, HIPAA (if needed), PCI, FedRAMP/FISMA, etc."
      }
    ]
  },
  {
    "module": "08_availability_observability.md",
    "title": "AVAILABILITY & UPTIME",
    "items": [
      {
        "id": "08_availability_observability.md:1",
        "text": "Multi-AZ, optionally multi-region"
      },
      {
        "id": "08_availability_observability.md:2",
        "text": "Load balancing + autoscaling"
      },
      {
        "id": "08_availability_observability.md:3",
        "text": "Health checks + automated failover"
      },
      {
        "id": "08_availability_observability.md:4",
        "text": "Stateless services + externalized sessions"
      },
      {
        "id": "08_availability_observability.md:5",
        "text": "Redundant cache/queues/storage"
      },
      {
        "id": "08_availability_observability.md:6",
        "text": "Circuit breakers, retries, timeouts"
      },
      {
        "id": "08_availability_observability.md:7",
        "text": "Graceful degradation"
      },
      {
        "id": "08_availability_observability.md:8",
        "text": "SLIs/SLOs, error budgets"
      },
      {
        "id": "08_availability_observability.md:9",
        "text": "Maintenance windows + notification"
      },
      {
        "id": "08_availability_observability.md:10",
        "text": "SLA credits policy"
      },
      {
        "id": "08_availability_observability.md:11",
        "text": "RTO/RPO definitions"
      },
      {
        "id": "08_availability_observability.md:12",
        "text": "APM, infra/db/network monitoring"
      },
      {
        "id": "08_availability_observability.md:13",
        "text": "Synthetic + RUM"
      },
      {
        "id": "08_availability_observability.md:14",
        "text": "P50/P95/P99 latency"
      },
      {
        "id": "08_availability_observability.md:15",
        "text": "Dependency monitoring"
      },
      {
        "id": "08_availability_observability.md:16",
        "text": "Certificate/DNS/CDN monitoring"
      },
      {
        "id": "08_availability_observability.md:17",
        "text": "On-call + escalation"
      },
      {
        "id": "08_availability_observability.md:18",
        "text": "Public status + components"
      },
      {
        "id": "08_availability_observability.md:19",
        "text": "Subscriptions (email/SMS/chat)"
      },
      {
        "id": "08_availability_observability.md:20",
        "text": "Postmortems"
      },
      {
        "id": "08_availability_observability.md:21",
        "text": "Private enterprise status pages"
      }
    ]
  },
  {
    "module": "09_scalability_performance.md",
    "title": "SCALABILITY & PERFORMANCE",
    "items": [
      {
        "id": "09_scalability_performance.md:1",
        "text": "Stateless app + autoscaling"
      },
      {
        "id": "09_scalability_performance.md:2",
        "text": "Orchestration (Kubernetes) or serverless controls"
      },
      {
        "id": "09_scalability_performance.md:3",
        "text": "Caching + CDN"
      },
      {
        "id": "09_scalability_performance.md:4",
        "text": "Sharding/partitioning + read replicas"
      },
      {
        "id": "09_scalability_performance.md:5",
        "text": "Queue/event driven systems"
      },
      {
        "id": "09_scalability_performance.md:6",
        "text": "API gateway + service discovery"
      },
      {
        "id": "09_scalability_performance.md:7",
        "text": "Query/index optimization, N+1 prevention"
      },
      {
        "id": "09_scalability_performance.md:8",
        "text": "Compression (Brotli/Gzip), HTTP/2/3"
      },
      {
        "id": "09_scalability_performance.md:9",
        "text": "Pagination everywhere"
      },
      {
        "id": "09_scalability_performance.md:10",
        "text": "Bundle size + code splitting"
      },
      {
        "id": "09_scalability_performance.md:11",
        "text": "Background job tuning"
      },
      {
        "id": "09_scalability_performance.md:12",
        "text": "Stress/spike/soak tests"
      },
      {
        "id": "09_scalability_performance.md:13",
        "text": "Capacity planning + baselines"
      },
      {
        "id": "09_scalability_performance.md:14",
        "text": "Failover testing"
      },
      {
        "id": "09_scalability_performance.md:15",
        "text": "Chaos experiments"
      }
    ]
  },
  {
    "module": "10_customer_data_admin_support.md",
    "title": "CUSTOMER DATA + ADMIN/SUPPORT ACCESS",
    "items": [
      {
        "id": "10_customer_data_admin_support.md:1",
        "text": "Public/Internal/Confidential/Restricted"
      },
      {
        "id": "10_customer_data_admin_support.md:2",
        "text": "Tagging + handling rules per class"
      },
      {
        "id": "10_customer_data_admin_support.md:3",
        "text": "AES-256 at rest + TLS in transit"
      },
      {
        "id": "10_customer_data_admin_support.md:4",
        "text": "Field-level encryption + BYOK (enterprise)"
      },
      {
        "id": "10_customer_data_admin_support.md:5",
        "text": "Masking in lower environments"
      },
      {
        "id": "10_customer_data_admin_support.md:6",
        "text": "JIT support access + audit trails"
      },
      {
        "id": "10_customer_data_admin_support.md:7",
        "text": "Customer consent for access (where feasible)"
      },
      {
        "id": "10_customer_data_admin_support.md:8",
        "text": "Admin RBAC + MFA enforced"
      },
      {
        "id": "10_customer_data_admin_support.md:9",
        "text": "IP allowlists (optional)"
      },
      {
        "id": "10_customer_data_admin_support.md:10",
        "text": "Dual control for sensitive actions"
      },
      {
        "id": "10_customer_data_admin_support.md:11",
        "text": "Break-glass procedures"
      },
      {
        "id": "10_customer_data_admin_support.md:12",
        "text": "Privileged access management"
      },
      {
        "id": "10_customer_data_admin_support.md:13",
        "text": "Logged + time-limited"
      },
      {
        "id": "10_customer_data_admin_support.md:14",
        "text": "Customer notification/consent options"
      },
      {
        "id": "10_customer_data_admin_support.md:15",
        "text": "Read-only impersonation mode"
      },
      {
        "id": "10_customer_data_admin_support.md:16",
        "text": "Debug tooling access controls"
      }
    ]
  },
  {
    "module": "11_marketplace_whitelabel_analytics.md",
    "title": "MARKETPLACE + WHITE-LABEL + ANALYTICS",
    "items": [
      {
        "id": "11_marketplace_whitelabel_analytics.md:1",
        "text": "Vetting + security review"
      },
      {
        "id": "11_marketplace_whitelabel_analytics.md:2",
        "text": "Developer verification"
      },
      {
        "id": "11_marketplace_whitelabel_analytics.md:3",
        "text": "Sandbox requirements"
      },
      {
        "id": "11_marketplace_whitelabel_analytics.md:4",
        "text": "Monitoring + suspension for malicious behavior"
      },
      {
        "id": "11_marketplace_whitelabel_analytics.md:5",
        "text": "Update review + deprecation"
      },
      {
        "id": "11_marketplace_whitelabel_analytics.md:6",
        "text": "Domain verification (DNS TXT)"
      },
      {
        "id": "11_marketplace_whitelabel_analytics.md:7",
        "text": "TLS provisioning + renewal"
      },
      {
        "id": "11_marketplace_whitelabel_analytics.md:8",
        "text": "Prevent subdomain takeover"
      },
      {
        "id": "11_marketplace_whitelabel_analytics.md:9",
        "text": "Custom CSS/HTML sanitization (no JS injection)"
      },
      {
        "id": "11_marketplace_whitelabel_analytics.md:10",
        "text": "Tenant-scoped analytics"
      },
      {
        "id": "11_marketplace_whitelabel_analytics.md:11",
        "text": "Minimize PII; opt-out options"
      },
      {
        "id": "11_marketplace_whitelabel_analytics.md:12",
        "text": "Secure pipelines + retention policy"
      },
      {
        "id": "11_marketplace_whitelabel_analytics.md:13",
        "text": "A/B test + session replay privacy controls"
      }
    ]
  },
  {
    "module": "12_enterprise_features.md",
    "title": "ENTERPRISE FEATURES",
    "items": [
      {
        "id": "12_enterprise_features.md:1",
        "text": "SAML + OIDC"
      },
      {
        "id": "12_enterprise_features.md:2",
        "text": "IdP metadata + cert rotation"
      },
      {
        "id": "12_enterprise_features.md:3",
        "text": "SCIM provisioning"
      },
      {
        "id": "12_enterprise_features.md:4",
        "text": "Role/group mapping"
      },
      {
        "id": "12_enterprise_features.md:5",
        "text": "Tamper-evident logs"
      },
      {
        "id": "12_enterprise_features.md:6",
        "text": "7+ year retention options"
      },
      {
        "id": "12_enterprise_features.md:7",
        "text": "SIEM export + streaming"
      },
      {
        "id": "12_enterprise_features.md:8",
        "text": "Single-tenant deploy option"
      },
      {
        "id": "12_enterprise_features.md:9",
        "text": "Dedicated DB/compute/network"
      },
      {
        "id": "12_enterprise_features.md:10",
        "text": "Private connectivity (VPN/Private endpoints)"
      }
    ]
  },
  {
    "module": "13_ops_change_release_capacity.md",
    "title": "SAAS OPS (CHANGE/RELEASE/CAPACITY)",
    "items": [
      {
        "id": "13_ops_change_release_capacity.md:1",
        "text": "Approvals + emergency changes"
      },
      {
        "id": "13_ops_change_release_capacity.md:2",
        "text": "Rollback plans"
      },
      {
        "id": "13_ops_change_release_capacity.md:3",
        "text": "Maintenance windows + comms"
      },
      {
        "id": "13_ops_change_release_capacity.md:4",
        "text": "Feature flags"
      },
      {
        "id": "13_ops_change_release_capacity.md:5",
        "text": "Versioning + deprecation"
      },
      {
        "id": "13_ops_change_release_capacity.md:6",
        "text": "Staging validation"
      },
      {
        "id": "13_ops_change_release_capacity.md:7",
        "text": "Prod checklists + postmortems"
      },
      {
        "id": "13_ops_change_release_capacity.md:8",
        "text": "Headroom targets + triggers"
      },
      {
        "id": "13_ops_change_release_capacity.md:9",
        "text": "Forecasting + cost projections"
      },
      {
        "id": "13_ops_change_release_capacity.md:10",
        "text": "Quarterly reviews"
      }
    ]
  },
  {
    "module": "14_incident_response_customer_success.md",
    "title": "INCIDENT RESPONSE + CUSTOMER SUCCESS",
    "items": [
      {
        "id": "14_incident_response_customer_success.md:1",
        "text": "Affected customer identification"
      },
      {
        "id": "14_incident_response_customer_success.md:2",
        "text": "Multi-channel notifications"
      },
      {
        "id": "14_incident_response_customer_success.md:3",
        "text": "Status page updates"
      },
      {
        "id": "14_incident_response_customer_success.md:4",
        "text": "Remediation communications + credits policy"
      },
      {
        "id": "14_incident_response_customer_success.md:5",
        "text": "Evidence preservation + forensics"
      },
      {
        "id": "14_incident_response_customer_success.md:6",
        "text": "Regulatory timelines (GDPR 72h if applicable)"
      },
      {
        "id": "14_incident_response_customer_success.md:7",
        "text": "PR + legal coordination"
      },
      {
        "id": "14_incident_response_customer_success.md:8",
        "text": "Post-incident improvements"
      },
      {
        "id": "14_incident_response_customer_success.md:9",
        "text": "Secure onboarding/migration"
      },
      {
        "id": "14_incident_response_customer_success.md:10",
        "text": "Training portal access control"
      },
      {
        "id": "14_incident_response_customer_success.md:11",
        "text": "Health monitoring privacy"
      }
    ]
  },
  {
    "module": "15_financial_legal.md",
    "title": "FINANCIAL + LEGAL",
    "items": [
      {
        "id": "15_financial_legal.md:1",
        "text": "Revenue recognition controls"
      },
      {
        "id": "15_financial_legal.md:2",
        "text": "Billing access control + audit trails"
      },
      {
        "id": "15_financial_legal.md:3",
        "text": "Reconciliation + fraud detection"
      },
      {
        "id": "15_financial_legal.md:4",
        "text": "ACH/wire controls (if used)"
      },
      {
        "id": "15_financial_legal.md:5",
        "text": "ToS versioning + acceptance tracking"
      },
      {
        "id": "15_financial_legal.md:6",
        "text": "DPA management + subprocessors"
      },
      {
        "id": "15_financial_legal.md:7",
        "text": "Privacy policy + cookie consent"
      },
      {
        "id": "15_financial_legal.md:8",
        "text": "Legal holds + eDiscovery procedures"
      },
      {
        "id": "15_financial_legal.md:9",
        "text": "Legal request logging + transparency practices"
      }
    ]
  }
]
