{
  "openapi": "3.1.0",
  "info": {
    "title": "Business Spine API",
    "version": "v1"
  },
  "paths": {
    "/api/auth/login": {
      "post": {
        "summary": "Login (demo) -> JWT"
      }
    },
    "/api/openapi.json": {
      "get": {
        "summary": "OpenAPI JSON"
      }
    },
    "/api/metrics": {
      "get": {
        "summary": "Prometheus metrics"
      }
    },
    "/api/auth/register": {
      "post": {
        "summary": "Register (email+password)"
      }
    },
    "/api/auth/login_password": {
      "post": {
        "summary": "Login (password) -> session cookie"
      }
    },
    "/api/auth/logout": {
      "post": {
        "summary": "Logout"
      }
    },
    "/api/analytics/export": {
      "post": {
        "summary": "Queue report export"
      }
    },
    "/api/analytics/export/status": {
      "post": {
        "summary": "Check report export status"
      }
    },
    "/api/csrf": {
      "get": {
        "summary": "Get CSRF token + cookie"
      }
    }
  }
}