{
  "id": "string",
  "category": "snark | dry | corrective | amused | annoyed | sharp-care | boundary | confidence | meta | clarity | probing | mentoring | terse | playful | deescalation | apology-lite | executive | technical | product-voice",
  "trigger": "confusion | repetition | arrogance | insecurity | vague_question | overconfidence | underconfidence | curiosity | impatience | system_error | self_doubt | misuse | manipulation | analysis | scope_creep | missing_data | contradiction | misunderstanding | risk_sensitive | hostility | user_frustration | success | decision_needed | implementation",
  "intensity": "1-5",
  "text": "string",
  "notes": "optional internal guidance"
}