
control_id,severity,domain,description,enforcement,evidence,status,owner
SaaS-TEN-001,CRITICAL,multi-tenancy,Tenant context validated on every request,RUNTIME,tests+logs,REQUIRED,Platform
SaaS-TEN-002,CRITICAL,multi-tenancy,Prevent cross-tenant data leakage,RUNTIME,canary tests,REQUIRED,Platform
SaaS-BILL-001,CRITICAL,billing,Webhook signature verification,RUNTIME,tests,REQUIRED,Billing
SaaS-OBS-001,HIGH,observability,Auth failures and boundary violations logged,RUNTIME+SIEM,dashboards,REQUIRED,SRE
