{
  "openapi": "3.1.0",
  "info": {
    "title": "Business Spine API",
    "version": "v1"
  },
  "paths": {
    "/api/auth/login": {
      "post": {
        "summary": "Login (demo) -> JWT"
      }
    },
    "/api/openapi.json": {
      "get": {
        "summary": "OpenAPI JSON"
      }
    },
    "/api/metrics": {
      "get": {
        "summary": "Prometheus metrics"
      }
    },
    "/api/auth/register": {
      "post": {
        "summary": "Register (email+password)"
      }
    },
    "/api/auth/login_password": {
      "post": {
        "summary": "Login (password) -> session cookie"
      }
    },
    "/api/auth/logout": {
      "post": {
        "summary": "Logout"
      }
    },
    "/api/analytics/export": {
      "post": {
        "summary": "Queue report export"
      }
    },
    "/api/analytics/export/status": {
      "post": {
        "summary": "Check report export status"
      }
    },
    "/api/csrf": {
      "get": {
        "summary": "Get CSRF token + cookie"
      }
    },
    "/api/search/providers": {
      "post": {
        "summary": "Elasticsearch provider search (tenant scoped)"
      }
    },
    "/api/privacy/export/request": {
      "post": {
        "summary": "GDPR/CCPA export request"
      }
    },
    "/api/privacy/delete/request": {
      "post": {
        "summary": "GDPR/CCPA delete request"
      }
    },
    "/api/privacy/request/status": {
      "post": {
        "summary": "GDPR/CCPA request status"
      }
    },
    "/api/advanced/recommendations": {
      "get": {
        "summary": "Recommendations (stub)"
      }
    },
    "/api/realtime/stream": {
      "get": {
        "summary": "SSE stream (stub)"
      }
    },
    "/api/files/presign": {
      "post": {
        "summary": "Presign S3 upload"
      }
    },
    "/api/support/tickets/create": {
      "post": {
        "summary": "Create support ticket"
      }
    },
    "/api/support/tickets/list": {
      "post": {
        "summary": "List support tickets"
      }
    },
    "/api/billing/subscription/create": {
      "post": {
        "summary": "Create subscription (stub)"
      }
    },
    "/api/billing/subscription/cancel": {
      "post": {
        "summary": "Cancel subscription"
      }
    },
    "/api/calendar/ics/event": {
      "get": {
        "summary": "ICS export (demo)"
      }
    },
    "/api/auth/oidc/start": {
      "get": {
        "summary": "OIDC start (stub)"
      }
    },
    "/api/auth/oidc/callback": {
      "get": {
        "summary": "OIDC callback (stub)"
      }
    },
    "/api/auth/saml/metadata": {
      "get": {
        "summary": "SAML metadata (stub)"
      }
    },
    "/api/auth/saml/acs": {
      "post": {
        "summary": "SAML ACS (stub)"
      }
    }
  }
}