{
  "generated_at": "2025-12-17T01:39:53.928179Z",
  "lines": 195,
  "intents": {
    "greeting": "User greets the assistant.",
    "goodbye": "User ends the conversation.",
    "thanks": "User expresses gratitude.",
    "help": "User asks what the system can do / how to use it.",
    "status_check": "User asks if system is working, healthy, or accurate.",
    "report_issue": "User reports a bug, error, or unexpected behavior.",
    "request_explanation": "User asks for an explanation of an output or decision.",
    "configure_settings": "User changes settings (timezone, house system, orbs, etc.).",
    "import_data": "User imports files or datasets (JSON/JSONL/CSV).",
    "export_data": "User exports results (JSON/PDF/CSV).",
    "create_natal_chart": "User requests a natal chart calculation.",
    "create_transits": "User requests transit calculations for a date range.",
    "create_synastry": "User requests relationship comparison charts.",
    "create_solar_return": "User requests solar return chart.",
    "create_progressions": "User requests progressions/solar arc.",
    "set_birth_data": "User provides or updates birth data.",
    "set_location": "User provides or updates location/coordinates.",
    "validate_chart": "User asks to validate chart against a source of truth.",
    "ephemeris_accuracy": "User asks about ephemeris accuracy, JPL, \u0394T, etc.",
    "jpl_compare": "User asks to compare to JPL Horizons or DE440.",
    "time_scale_convert": "User asks to convert between UTC/TT/TDB/TAI.",
    "house_cusps": "User asks about house cusps/ASC/MC.",
    "aspect_list": "User asks for aspects, orbs, or aspect matrix.",
    "interpretation": "User asks for interpretation/reading.",
    "decan_interpretation": "User asks specifically for decan-based interpretation.",
    "human_design_overlay": "User asks for Human Design overlay calculations.",
    "generate_receipt": "User wants a receipt/audit proof for computations.",
    "audit_logs": "User asks for audit logs or evidence trail.",
    "run_tests": "User asks to run validation / test suite.",
    "security_check": "User asks about security posture or wants a security scan.",
    "rate_limit": "User asks about rate limiting / abuse prevention.",
    "rbac_permissions": "User asks about roles/permissions and access control.",
    "backup_restore": "User asks about backups/restores/disaster recovery.",
    "deployment": "User asks about deploying/building/running the system.",
    "performance_opt": "User asks about speed, optimization, caching.",
    "nlp_train": "User wants to train/extend NLU intents/entities.",
    "conversational_flow": "User asks to make the assistant more conversational."
  },
  "entity_types": {
    "person_name": "A person's name.",
    "date": "A date reference.",
    "time": "A time reference.",
    "datetime": "A combined date+time reference.",
    "location": "A location (city, place).",
    "latitude": "Latitude coordinate.",
    "longitude": "Longitude coordinate.",
    "timezone": "IANA timezone string.",
    "house_system": "House system name (Placidus, Whole Sign, etc.).",
    "chart_type": "Type of chart requested.",
    "planet": "Planet or point name.",
    "aspect": "Aspect type name.",
    "orb": "Orb value.",
    "ephemeris": "Ephemeris model/source (DE440, VSOP87, etc.).",
    "file_format": "File format (json, jsonl, csv, pdf).",
    "metric": "A metric name (latency, accuracy).",
    "severity": "Severity level (critical, high, medium, low).",
    "version": "Software or dataset version.",
    "id": "Identifier (transactionId, receiptId, etc.).",
    "number": "Numeric value."
  }
}