{
  "generated_at": "2025-12-16T05:29:23.239356Z",
  "features": [
    {
      "id": "DATABASE_ADMIN-0001",
      "category": "database_admin",
      "name": "Active query monitor view",
      "description": "Create a view to list active queries, duration, state, and blocking.",
      "tags": [
        "postgres",
        "monitoring"
      ],
      "priority": "P2",
      "status": "todo"
    },
    {
      "id": "DATABASE_ADMIN-0002",
      "category": "database_admin",
      "name": "Long-running query detector",
      "description": "Identify queries exceeding a threshold and optionally notify.",
      "tags": [
        "postgres",
        "monitoring",
        "alerts"
      ],
      "priority": "P2",
      "status": "todo"
    },
    {
      "id": "DATABASE_ADMIN-0003",
      "category": "database_admin",
      "name": "Index usage dashboard query",
      "description": "Track idx_scan / idx_tup_read patterns to spot unused indexes.",
      "tags": [
        "postgres",
        "indexes"
      ],
      "priority": "P2",
      "status": "todo"
    },
    {
      "id": "DATABASE_ADMIN-0004",
      "category": "database_admin",
      "name": "Bloat approximation report",
      "description": "Approximate table/index bloat signals and candidate maintenance actions.",
      "tags": [
        "postgres",
        "maintenance"
      ],
      "priority": "P2",
      "status": "todo"
    },
    {
      "id": "DATABASE_ADMIN-0005",
      "category": "database_admin",
      "name": "WAL + checkpoint pressure view",
      "description": "Expose WAL bytes, checkpoint timing, and write pressure signals.",
      "tags": [
        "postgres",
        "wal"
      ],
      "priority": "P2",
      "status": "todo"
    },
    {
      "id": "AUTH_ADVANCED-0006",
      "category": "auth_advanced",
      "name": "Session device registry",
      "description": "Track sessions by device fingerprint, user agent, and last activity.",
      "tags": [
        "auth",
        "security"
      ],
      "priority": "P2",
      "status": "todo"
    },
    {
      "id": "AUTH_ADVANCED-0007",
      "category": "auth_advanced",
      "name": "Force logout by session id",
      "description": "Allow server-side invalidation for one device/session.",
      "tags": [
        "auth"
      ],
      "priority": "P2",
      "status": "todo"
    },
    {
      "id": "AUTH_ADVANCED-0008",
      "category": "auth_advanced",
      "name": "Suspicious login detector",
      "description": "Rules for IP/geo/user-agent anomalies and step-up auth.",
      "tags": [
        "auth",
        "security",
        "risk"
      ],
      "priority": "P2",
      "status": "todo"
    },
    {
      "id": "STORAGE_ADVANCED-0009",
      "category": "storage_advanced",
      "name": "Signed upload URL pattern",
      "description": "Pre-authorize uploads via Edge Function and enforce path constraints.",
      "tags": [
        "storage",
        "security"
      ],
      "priority": "P2",
      "status": "todo"
    },
    {
      "id": "STORAGE_ADVANCED-0010",
      "category": "storage_advanced",
      "name": "Lifecycle cleanup job",
      "description": "Scheduled job to purge expired/soft-deleted objects.",
      "tags": [
        "storage",
        "cron"
      ],
      "priority": "P2",
      "status": "todo"
    },
    {
      "id": "REALTIME_ADVANCED-0011",
      "category": "realtime_advanced",
      "name": "Ack + dedupe pattern",
      "description": "Application-level ack/dedupe keys for broadcast reliability.",
      "tags": [
        "realtime",
        "reliability"
      ],
      "priority": "P2",
      "status": "todo"
    },
    {
      "id": "REALTIME_ADVANCED-0012",
      "category": "realtime_advanced",
      "name": "Backoff + reconnect strategy",
      "description": "Client reconnection strategy with exponential backoff and jitter.",
      "tags": [
        "realtime",
        "client"
      ],
      "priority": "P2",
      "status": "todo"
    },
    {
      "id": "EDGE_FUNCTIONS-0013",
      "category": "edge_functions",
      "name": "Middleware chain scaffold",
      "description": "Composable middleware for auth, validation, tracing, rate limiting.",
      "tags": [
        "edge",
        "dx"
      ],
      "priority": "P2",
      "status": "todo"
    },
    {
      "id": "EDGE_FUNCTIONS-0014",
      "category": "edge_functions",
      "name": "Cron job scaffold",
      "description": "Scheduled function templates with idempotency keys.",
      "tags": [
        "edge",
        "cron"
      ],
      "priority": "P2",
      "status": "todo"
    },
    {
      "id": "EDGE_FUNCTIONS-0015",
      "category": "edge_functions",
      "name": "Background job interface",
      "description": "Queue interface and worker pattern that you can swap providers into.",
      "tags": [
        "edge",
        "jobs"
      ],
      "priority": "P2",
      "status": "todo"
    },
    {
      "id": "OBSERVABILITY-0016",
      "category": "observability",
      "name": "Event taxonomy",
      "description": "Standard event names and required fields for logs/metrics.",
      "tags": [
        "observability"
      ],
      "priority": "P2",
      "status": "todo"
    },
    {
      "id": "OBSERVABILITY-0017",
      "category": "observability",
      "name": "Alert rule checklist",
      "description": "Standard alerts for errors, latency, saturation, security.",
      "tags": [
        "alerts",
        "observability"
      ],
      "priority": "P2",
      "status": "todo"
    }
  ]
}