[
  {
    "name": "person_name",
    "description": "A person's name"
  },
  {
    "name": "tenant_id",
    "description": "Tenant identifier"
  },
  {
    "name": "user_id",
    "description": "User identifier"
  },
  {
    "name": "role",
    "description": "User role (owner/admin/manager/staff/readonly)"
  },
  {
    "name": "email",
    "description": "Email address"
  },
  {
    "name": "date",
    "description": "Calendar date or relative date"
  },
  {
    "name": "time",
    "description": "Clock time"
  },
  {
    "name": "datetime",
    "description": "ISO datetime"
  },
  {
    "name": "timezone",
    "description": "Timezone"
  },
  {
    "name": "location",
    "description": "City/region/country"
  },
  {
    "name": "lat",
    "description": "Latitude"
  },
  {
    "name": "lon",
    "description": "Longitude"
  },
  {
    "name": "currency",
    "description": "Currency code"
  },
  {
    "name": "amount",
    "description": "Monetary amount"
  },
  {
    "name": "transaction_id",
    "description": "Transaction identifier"
  },
  {
    "name": "receipt_id",
    "description": "Receipt identifier"
  },
  {
    "name": "booking_id",
    "description": "Booking identifier"
  },
  {
    "name": "service_name",
    "description": "Service or appointment type"
  },
  {
    "name": "model",
    "description": "AI/model identifier"
  },
  {
    "name": "endpoint",
    "description": "API endpoint path"
  },
  {
    "name": "env",
    "description": "Environment (dev/staging/prod)"
  },
  {
    "name": "version",
    "description": "Version string"
  },
  {
    "name": "framework",
    "description": "Compliance/security framework name"
  },
  {
    "name": "metric",
    "description": "Metric name"
  },
  {
    "name": "limit",
    "description": "A numeric limit"
  },
  {
    "name": "file",
    "description": "File or artifact name"
  },
  {
    "name": "planet",
    "description": "Astronomical body name"
  },
  {
    "name": "house_system",
    "description": "House system (Placidus/Whole Sign/etc)"
  },
  {
    "name": "dob",
    "description": "Date of birth"
  }
]