[
  {
    "name": "greeting",
    "description": "User greets or opens conversation"
  },
  {
    "name": "goodbye",
    "description": "User ends conversation"
  },
  {
    "name": "thanks",
    "description": "User expresses gratitude"
  },
  {
    "name": "help",
    "description": "User asks what the system can do"
  },
  {
    "name": "smalltalk",
    "description": "User chit-chat / banter"
  },
  {
    "name": "complaint",
    "description": "User complains about system behavior or performance"
  },
  {
    "name": "bug_report",
    "description": "User reports a bug or incorrect output"
  },
  {
    "name": "feature_request",
    "description": "User requests a new feature or enhancement"
  },
  {
    "name": "status_check",
    "description": "User asks if a service/module is running/healthy"
  },
  {
    "name": "health_check",
    "description": "User asks for system health endpoints/metrics"
  },
  {
    "name": "audit_view",
    "description": "User requests audit logs, trail, integrity checks"
  },
  {
    "name": "receipt_generate",
    "description": "User requests generating a receipt/proof record"
  },
  {
    "name": "receipt_verify",
    "description": "User requests verifying a receipt/proof record"
  },
  {
    "name": "security_assess",
    "description": "User asks about security posture or hardening"
  },
  {
    "name": "security_test",
    "description": "User asks for security test steps/scripts"
  },
  {
    "name": "rate_limit_issue",
    "description": "User encounters or asks about rate limits"
  },
  {
    "name": "auth_login",
    "description": "User wants to login/authenticate or troubleshoot login"
  },
  {
    "name": "auth_rbac",
    "description": "User asks about permissions/roles/RBAC behavior"
  },
  {
    "name": "data_privacy",
    "description": "User asks about privacy, data retention, data export/delete"
  },
  {
    "name": "config_set",
    "description": "User sets or changes configuration/settings"
  },
  {
    "name": "config_get",
    "description": "User asks to view current configuration/settings"
  },
  {
    "name": "deploy",
    "description": "User asks how to deploy, rollout, rollback"
  },
  {
    "name": "ci_cd",
    "description": "User asks for CI/CD pipeline, checks, gates"
  },
  {
    "name": "load_test",
    "description": "User asks for load/performance testing"
  },
  {
    "name": "unit_test",
    "description": "User asks for unit tests or test suite expansion"
  },
  {
    "name": "integration_test",
    "description": "User asks for integration/E2E tests"
  },
  {
    "name": "monitoring_setup",
    "description": "User asks to setup logs/metrics/tracing/alerts"
  },
  {
    "name": "incident_response",
    "description": "User asks what to do during an incident/outage"
  },
  {
    "name": "backup_restore",
    "description": "User asks about backups or restoring from backup"
  },
  {
    "name": "data_validation",
    "description": "User asks to validate inputs/outputs or invariants"
  },
  {
    "name": "source_of_truth",
    "description": "User asks for a canonical source-of-truth artifact"
  },
  {
    "name": "ephemeris_compute",
    "description": "User requests ephemeris/planet positions calculation"
  },
  {
    "name": "chart_generate",
    "description": "User requests generating an astrology chart output"
  },
  {
    "name": "chart_explain",
    "description": "User requests explanation/interpretation of a chart output"
  },
  {
    "name": "time_scale_convert",
    "description": "User requests UTC/TT/TDB conversions"
  },
  {
    "name": "coordinate_resolve",
    "description": "User requests geocoding / resolving coordinates"
  },
  {
    "name": "cache_control",
    "description": "User asks about caching behavior (geo cache, ephemeris cache)"
  },
  {
    "name": "nlu_classify",
    "description": "User asks to classify text into intent/entities"
  },
  {
    "name": "conversation_flow",
    "description": "User wants conversational behavior, multi-turn flow"
  },
  {
    "name": "handoff_human",
    "description": "User asks to escalate to a human or external expert"
  }
]