{
  "format": "jsonl",
  "fields": {
    "text": "string",
    "intent": "string",
    "intent_description": "string",
    "entities": [
      {
        "entity": "string",
        "value": "string",
        "start": "int",
        "end": "int"
      }
    ]
  },
  "notes": [
    "Entity spans are best-effort and may be approximate for templated data.",
    "Use this as bootstrap training data; replace with real conversation logs over time.",
    "Keep intents stable; evolve entities with backward-compatible additions."
  ]
}