{
  "regex": {
    "email": [
      "\\\\b[A-Za-z0-9._%+-]+@[A-Za-z0-9.-]+\\\\.[A-Za-z]{2,}\\\\b"
    ],
    "phone": [
      "\\\\b(?:\\\\+?1[\\\\s.-]?)?\\\\(?\\\\d{3}\\\\)?[\\\\s.-]?\\\\d{3}[\\\\s.-]?\\\\d{4}\\\\b"
    ],
    "datetime": [
      "\\\\b(?:tomorrow|today|next\\\\s+week|next\\\\s+month)\\\\b",
      "\\\\b\\\\d{1,2}:\\\\d{2}\\\\s*(?:am|pm)?\\\\b"
    ]
  },
  "lookups": {
    "service": {
      "primary": {
        "balayage": [
          "balyage",
          "balayage"
        ],
        "haircut": [
          "cut",
          "trim",
          "hair cut"
        ]
      }
    }
  }
}