{
  "version": "ChartDataV1",
  "chartType": "natal",
  "houseSystem": "placidus",
  "zodiac": "tropical",
  "ayanamsa": null,
  "input": {
    "dobUtc": "2000-01-01T00:00:00Z",
    "geo": {
      "lat": 0.0,
      "lon": 0.0,
      "tz": "Etc/UTC",
      "label": "Missing Coordinates"
    }
  },
  "bodies": [
    {
      "id": "Sun",
      "lon": 152.29908,
      "speedLon": -0.442448,
      "retrograde": true,
      "sign": "Virgo",
      "degInSign": 2.29908,
      "house": 1
    },
    {
      "id": "Moon",
      "lon": 238.46672,
      "speedLon": 0.293958,
      "retrograde": false,
      "sign": "Scorpio",
      "degInSign": 28.46672,
      "house": 2
    },
    {
      "id": "Mercury",
      "lon": 82.02244,
      "speedLon": -0.913582,
      "retrograde": false,
      "sign": "Gemini",
      "degInSign": 22.02244,
      "house": 3
    },
    {
      "id": "Venus",
      "lon": 111.075,
      "speedLon": 0.165002,
      "retrograde": false,
      "sign": "Cancer",
      "degInSign": 21.075,
      "house": 4
    },
    {
      "id": "Mars",
      "lon": 153.65276,
      "speedLon": -0.02191,
      "retrograde": false,
      "sign": "Virgo",
      "degInSign": 3.65276,
      "house": 5
    },
    {
      "id": "Jupiter",
      "lon": 210.0916,
      "speedLon": -0.496224,
      "retrograde": false,
      "sign": "Scorpio",
      "degInSign": 0.0916,
      "house": 6
    },
    {
      "id": "Saturn",
      "lon": 347.53512,
      "speedLon": -0.761904,
      "retrograde": false,
      "sign": "Pisces",
      "degInSign": 17.53512,
      "house": 7
    },
    {
      "id": "Uranus",
      "lon": 304.82996,
      "speedLon": 0.09742,
      "retrograde": false,
      "sign": "Aquarius",
      "degInSign": 4.82996,
      "house": 8
    },
    {
      "id": "Neptune",
      "lon": 224.68912,
      "speedLon": -0.104232,
      "retrograde": false,
      "sign": "Scorpio",
      "degInSign": 14.68912,
      "house": 9
    },
    {
      "id": "Pluto",
      "lon": 358.011,
      "speedLon": 0.61857,
      "retrograde": false,
      "sign": "Pisces",
      "degInSign": 28.011,
      "house": 10
    },
    {
      "id": "MeanNode",
      "lon": 355.38752,
      "speedLon": 0.901096,
      "retrograde": false,
      "sign": "Pisces",
      "degInSign": 25.38752,
      "house": 11
    },
    {
      "id": "Chiron",
      "lon": 122.43424,
      "speedLon": 0.402532,
      "retrograde": false,
      "sign": "Leo",
      "degInSign": 2.43424,
      "house": 12
    },
    {
      "id": "Fortune",
      "lon": 298.47624,
      "speedLon": 0.20751,
      "retrograde": false,
      "sign": "Capricorn",
      "degInSign": 28.47624,
      "house": 1
    },
    {
      "id": "Vertex",
      "lon": 258.16616,
      "speedLon": -0.745492,
      "retrograde": false,
      "sign": "Sagittarius",
      "degInSign": 18.16616,
      "house": 2
    }
  ],
  "houses": [
    {
      "house": 1,
      "lon": 0.53732,
      "sign": "Aries",
      "degInSign": 0.53732
    },
    {
      "house": 2,
      "lon": 33.27336,
      "sign": "Taurus",
      "degInSign": 3.27336
    },
    {
      "house": 3,
      "lon": 61.642755,
      "sign": "Gemini",
      "degInSign": 1.642755
    },
    {
      "house": 4,
      "lon": 94.201985,
      "sign": "Cancer",
      "degInSign": 4.201985
    },
    {
      "house": 5,
      "lon": 122.98899,
      "sign": "Leo",
      "degInSign": 2.98899
    },
    {
      "house": 6,
      "lon": 152.71727,
      "sign": "Virgo",
      "degInSign": 2.71727
    },
    {
      "house": 7,
      "lon": 180.483695,
      "sign": "Libra",
      "degInSign": 0.483695
    },
    {
      "house": 8,
      "lon": 214.43214,
      "sign": "Scorpio",
      "degInSign": 4.43214
    },
    {
      "house": 9,
      "lon": 244.70252,
      "sign": "Sagittarius",
      "degInSign": 4.70252
    },
    {
      "house": 10,
      "lon": 273.03218,
      "sign": "Capricorn",
      "degInSign": 3.03218
    },
    {
      "house": 11,
      "lon": 301.932905,
      "sign": "Aquarius",
      "degInSign": 1.932905
    },
    {
      "house": 12,
      "lon": 334.267425,
      "sign": "Pisces",
      "degInSign": 4.267425
    }
  ],
  "angles": [
    {
      "id": "ASC",
      "lon": 0.53732,
      "sign": "Aries",
      "degInSign": 0.53732
    },
    {
      "id": "MC",
      "lon": 273.03218,
      "sign": "Capricorn",
      "degInSign": 3.03218
    }
  ],
  "aspects": [],
  "extras": {},
  "meta": {
    "engineId": "mock-engine@1.0.0",
    "flags": [
      "golden"
    ],
    "engineCommit": null,
    "computedAtUtc": "2025-01-01T00:00:00Z",
    "canonicalVersion": "AMJCS-1"
  },
  "integrity": {
    "canonical": "{\"angles\":[{\"degInSign\":0.53732,\"id\":\"ASC\",\"lon\":0.53732,\"sign\":\"Aries\"},{\"degInSign\":3.03218,\"id\":\"MC\",\"lon\":273.03218,\"sign\":\"Capricorn\"}],\"aspects\":[],\"ayanamsa\":null,\"bodies\":[{\"degInSign\":2.43424,\"house\":12,\"id\":\"Chiron\",\"lon\":122.43424,\"retrograde\":false,\"sign\":\"Leo\",\"speedLon\":0.402532},{\"degInSign\":28.47624,\"house\":1,\"id\":\"Fortune\",\"lon\":298.47624,\"retrograde\":false,\"sign\":\"Capricorn\",\"speedLon\":0.20751},{\"degInSign\":0.0916,\"house\":6,\"id\":\"Jupiter\",\"lon\":210.0916,\"retrograde\":false,\"sign\":\"Scorpio\",\"speedLon\":-0.496224},{\"degInSign\":3.65276,\"house\":5,\"id\":\"Mars\",\"lon\":153.65276,\"retrograde\":false,\"sign\":\"Virgo\",\"speedLon\":-0.02191},{\"degInSign\":25.38752,\"house\":11,\"id\":\"MeanNode\",\"lon\":355.38752,\"retrograde\":false,\"sign\":\"Pisces\",\"speedLon\":0.901096},{\"degInSign\":22.02244,\"house\":3,\"id\":\"Mercury\",\"lon\":82.02244,\"retrograde\":false,\"sign\":\"Gemini\",\"speedLon\":-0.913582},{\"degInSign\":28.46672,\"house\":2,\"id\":\"Moon\",\"lon\":238.46672,\"retrograde\":false,\"sign\":\"Scorpio\",\"speedLon\":0.293958},{\"degInSign\":14.68912,\"house\":9,\"id\":\"Neptune\",\"lon\":224.68912,\"retrograde\":false,\"sign\":\"Scorpio\",\"speedLon\":-0.104232},{\"degInSign\":28.011,\"house\":10,\"id\":\"Pluto\",\"lon\":358.011,\"retrograde\":false,\"sign\":\"Pisces\",\"speedLon\":0.61857},{\"degInSign\":17.53512,\"house\":7,\"id\":\"Saturn\",\"lon\":347.53512,\"retrograde\":false,\"sign\":\"Pisces\",\"speedLon\":-0.761904},{\"degInSign\":2.29908,\"house\":1,\"id\":\"Sun\",\"lon\":152.29908,\"retrograde\":true,\"sign\":\"Virgo\",\"speedLon\":-0.442448},{\"degInSign\":4.82996,\"house\":8,\"id\":\"Uranus\",\"lon\":304.82996,\"retrograde\":false,\"sign\":\"Aquarius\",\"speedLon\":0.09742},{\"degInSign\":21.075,\"house\":4,\"id\":\"Venus\",\"lon\":111.075,\"retrograde\":false,\"sign\":\"Cancer\",\"speedLon\":0.165002},{\"degInSign\":18.16616,\"house\":2,\"id\":\"Vertex\",\"lon\":258.16616,\"retrograde\":false,\"sign\":\"Sagittarius\",\"speedLon\":-0.745492}],\"chartType\":\"natal\",\"extras\":{},\"houseSystem\":\"placidus\",\"houses\":[{\"degInSign\":0.53732,\"house\":1,\"lon\":0.53732,\"sign\":\"Aries\"},{\"degInSign\":3.27336,\"house\":2,\"lon\":33.27336,\"sign\":\"Taurus\"},{\"degInSign\":1.642755,\"house\":3,\"lon\":61.642755,\"sign\":\"Gemini\"},{\"degInSign\":4.201985,\"house\":4,\"lon\":94.201985,\"sign\":\"Cancer\"},{\"degInSign\":2.98899,\"house\":5,\"lon\":122.98899,\"sign\":\"Leo\"},{\"degInSign\":2.71727,\"house\":6,\"lon\":152.71727,\"sign\":\"Virgo\"},{\"degInSign\":0.483695,\"house\":7,\"lon\":180.483695,\"sign\":\"Libra\"},{\"degInSign\":4.43214,\"house\":8,\"lon\":214.43214,\"sign\":\"Scorpio\"},{\"degInSign\":4.70252,\"house\":9,\"lon\":244.70252,\"sign\":\"Sagittarius\"},{\"degInSign\":3.03218,\"house\":10,\"lon\":273.03218,\"sign\":\"Capricorn\"},{\"degInSign\":1.932905,\"house\":11,\"lon\":301.932905,\"sign\":\"Aquarius\"},{\"degInSign\":4.267425,\"house\":12,\"lon\":334.267425,\"sign\":\"Pisces\"}],\"input\":{\"dobUtc\":\"2000-01-01T00:00:00Z\",\"geo\":{\"label\":\"Missing Coordinates\",\"lat\":0.0,\"lon\":0.0,\"tz\":\"Etc/UTC\"}},\"meta\":{\"canonicalVersion\":\"AMJCS-1\",\"computedAtUtc\":\"0000-00-00T00:00:00Z\",\"engineCommit\":null,\"engineId\":\"mock-engine@1.0.0\",\"flags\":[\"golden\"]},\"version\":\"ChartDataV1\",\"zodiac\":\"tropical\"}",
    "sha256": "c35f7e704c5732352a78ad3bb975300dfe00707125f1553a7a17b45171739132"
  }
}
