{
  "meta": {
    "name": "supabase-features-catalog",
    "version": "1.0.0",
    "generated": "2025-12-16"
  },
  "item_schema": {
    "id": "string",
    "section": "string",
    "subsection": "string",
    "label": "string",
    "supabase_area": "auth|db|storage|realtime|functions|api|webhooks|observability|billing|org|dx|cicd|compliance|integrations|multitenancy|security|other",
    "priority": "P0|P1|P2|P3",
    "owner": "string|null",
    "status": "todo|in_progress|blocked|done|na",
    "notes": "string",
    "links": [
      "string"
    ]
  },
  "items": [
    {
      "id": "SBF-0001",
      "section": "Authentication & User Management",
      "subsection": "",
      "label": "Email/Password authentication",
      "supabase_area": "auth",
      "priority": "P0",
      "owner": null,
      "status": "todo",
      "notes": "",
      "links": []
    },
    {
      "id": "SBF-0002",
      "section": "Authentication & User Management",
      "subsection": "",
      "label": "Magic link authentication",
      "supabase_area": "auth",
      "priority": "P1",
      "owner": null,
      "status": "todo",
      "notes": "",
      "links": []
    },
    {
      "id": "SBF-0003",
      "section": "Authentication & User Management",
      "subsection": "",
      "label": "Phone/SMS authentication",
      "supabase_area": "auth",
      "priority": "P1",
      "owner": null,
      "status": "todo",
      "notes": "",
      "links": []
    },
    {
      "id": "SBF-0004",
      "section": "Authentication & User Management",
      "subsection": "",
      "label": "OAuth providers (Google, GitHub, etc.)",
      "supabase_area": "auth",
      "priority": "P1",
      "owner": null,
      "status": "todo",
      "notes": "",
      "links": []
    },
    {
      "id": "SBF-0005",
      "section": "Authentication & User Management",
      "subsection": "",
      "label": "SAML SSO (Enterprise)",
      "supabase_area": "auth",
      "priority": "P3",
      "owner": null,
      "status": "todo",
      "notes": "",
      "links": []
    },
    {
      "id": "SBF-0006",
      "section": "Authentication & User Management",
      "subsection": "",
      "label": "MFA: TOTP",
      "supabase_area": "auth",
      "priority": "P1",
      "owner": null,
      "status": "todo",
      "notes": "",
      "links": []
    },
    {
      "id": "SBF-0007",
      "section": "Authentication & User Management",
      "subsection": "",
      "label": "Auth security: rate limiting + lockout + captcha",
      "supabase_area": "security",
      "priority": "P0",
      "owner": null,
      "status": "todo",
      "notes": "",
      "links": []
    },
    {
      "id": "SBF-0008",
      "section": "Authentication & User Management",
      "subsection": "",
      "label": "Custom email templates",
      "supabase_area": "auth",
      "priority": "P1",
      "owner": null,
      "status": "todo",
      "notes": "",
      "links": []
    },
    {
      "id": "SBF-0009",
      "section": "Authentication & User Management",
      "subsection": "",
      "label": "JWT settings/rotation",
      "supabase_area": "auth",
      "priority": "P1",
      "owner": null,
      "status": "todo",
      "notes": "",
      "links": []
    },
    {
      "id": "SBF-0010",
      "section": "Authentication & User Management",
      "subsection": "",
      "label": "Invite system + org/team members",
      "supabase_area": "org",
      "priority": "P2",
      "owner": null,
      "status": "todo",
      "notes": "",
      "links": []
    },
    {
      "id": "SBF-0011",
      "section": "Database (PostgreSQL)",
      "subsection": "",
      "label": "Supabase CLI migrations + schema version control",
      "supabase_area": "db",
      "priority": "P0",
      "owner": null,
      "status": "todo",
      "notes": "",
      "links": []
    },
    {
      "id": "SBF-0012",
      "section": "Database (PostgreSQL)",
      "subsection": "",
      "label": "RLS enabled on all tables (default deny)",
      "supabase_area": "security",
      "priority": "P0",
      "owner": null,
      "status": "todo",
      "notes": "",
      "links": []
    },
    {
      "id": "SBF-0013",
      "section": "Database (PostgreSQL)",
      "subsection": "",
      "label": "Tenant isolation via tenant_id + RLS",
      "supabase_area": "multitenancy",
      "priority": "P0",
      "owner": null,
      "status": "todo",
      "notes": "",
      "links": []
    },
    {
      "id": "SBF-0014",
      "section": "Database (PostgreSQL)",
      "subsection": "",
      "label": "Connection pooling (PgBouncer)",
      "supabase_area": "db",
      "priority": "P1",
      "owner": null,
      "status": "todo",
      "notes": "",
      "links": []
    },
    {
      "id": "SBF-0015",
      "section": "Database (PostgreSQL)",
      "subsection": "",
      "label": "Audit logging tables + triggers",
      "supabase_area": "db",
      "priority": "P1",
      "owner": null,
      "status": "todo",
      "notes": "",
      "links": []
    },
    {
      "id": "SBF-0016",
      "section": "Database (PostgreSQL)",
      "subsection": "",
      "label": "Extensions: pg_cron, pgvector, postgis, pgcrypto, pg_trgm",
      "supabase_area": "db",
      "priority": "P2",
      "owner": null,
      "status": "todo",
      "notes": "",
      "links": []
    },
    {
      "id": "SBF-0017",
      "section": "Database (PostgreSQL)",
      "subsection": "",
      "label": "Backups + PITR policy",
      "supabase_area": "db",
      "priority": "P0",
      "owner": null,
      "status": "todo",
      "notes": "",
      "links": []
    },
    {
      "id": "SBF-0018",
      "section": "Database (PostgreSQL)",
      "subsection": "",
      "label": "Indexes + query monitoring (pg_stat_statements)",
      "supabase_area": "db",
      "priority": "P1",
      "owner": null,
      "status": "todo",
      "notes": "",
      "links": []
    },
    {
      "id": "SBF-0019",
      "section": "Storage",
      "subsection": "",
      "label": "Buckets (public/private) + policies",
      "supabase_area": "storage",
      "priority": "P0",
      "owner": null,
      "status": "todo",
      "notes": "",
      "links": []
    },
    {
      "id": "SBF-0020",
      "section": "Storage",
      "subsection": "",
      "label": "Signed URLs for private access",
      "supabase_area": "storage",
      "priority": "P0",
      "owner": null,
      "status": "todo",
      "notes": "",
      "links": []
    },
    {
      "id": "SBF-0021",
      "section": "Storage",
      "subsection": "",
      "label": "Upload validation: size/type/name",
      "supabase_area": "security",
      "priority": "P0",
      "owner": null,
      "status": "todo",
      "notes": "",
      "links": []
    },
    {
      "id": "SBF-0022",
      "section": "Storage",
      "subsection": "",
      "label": "RLS policies for storage objects",
      "supabase_area": "security",
      "priority": "P0",
      "owner": null,
      "status": "todo",
      "notes": "",
      "links": []
    },
    {
      "id": "SBF-0023",
      "section": "Storage",
      "subsection": "",
      "label": "Image transformation pipeline (if used)",
      "supabase_area": "storage",
      "priority": "P2",
      "owner": null,
      "status": "todo",
      "notes": "",
      "links": []
    },
    {
      "id": "SBF-0024",
      "section": "Storage",
      "subsection": "",
      "label": "CDN cache headers + invalidation strategy",
      "supabase_area": "storage",
      "priority": "P2",
      "owner": null,
      "status": "todo",
      "notes": "",
      "links": []
    },
    {
      "id": "SBF-0025",
      "section": "Realtime",
      "subsection": "",
      "label": "DB changes subscriptions with RLS enforcement",
      "supabase_area": "realtime",
      "priority": "P1",
      "owner": null,
      "status": "todo",
      "notes": "",
      "links": []
    },
    {
      "id": "SBF-0026",
      "section": "Realtime",
      "subsection": "",
      "label": "Presence + broadcast channels for chat/feeds",
      "supabase_area": "realtime",
      "priority": "P2",
      "owner": null,
      "status": "todo",
      "notes": "",
      "links": []
    },
    {
      "id": "SBF-0027",
      "section": "Realtime",
      "subsection": "",
      "label": "Reconnect/heartbeat handling",
      "supabase_area": "realtime",
      "priority": "P1",
      "owner": null,
      "status": "todo",
      "notes": "",
      "links": []
    },
    {
      "id": "SBF-0028",
      "section": "Realtime",
      "subsection": "",
      "label": "Rate limits + message size caps",
      "supabase_area": "security",
      "priority": "P1",
      "owner": null,
      "status": "todo",
      "notes": "",
      "links": []
    },
    {
      "id": "SBF-0029",
      "section": "Edge Functions",
      "subsection": "",
      "label": "JWT verification + role/tenant guards",
      "supabase_area": "functions",
      "priority": "P0",
      "owner": null,
      "status": "todo",
      "notes": "",
      "links": []
    },
    {
      "id": "SBF-0030",
      "section": "Edge Functions",
      "subsection": "",
      "label": "Webhook endpoints with signature verification",
      "supabase_area": "webhooks",
      "priority": "P0",
      "owner": null,
      "status": "todo",
      "notes": "",
      "links": []
    },
    {
      "id": "SBF-0031",
      "section": "Edge Functions",
      "subsection": "",
      "label": "Scheduled jobs (cron)",
      "supabase_area": "functions",
      "priority": "P2",
      "owner": null,
      "status": "todo",
      "notes": "",
      "links": []
    },
    {
      "id": "SBF-0032",
      "section": "Edge Functions",
      "subsection": "",
      "label": "Secrets management + env config",
      "supabase_area": "functions",
      "priority": "P0",
      "owner": null,
      "status": "todo",
      "notes": "",
      "links": []
    },
    {
      "id": "SBF-0033",
      "section": "Edge Functions",
      "subsection": "",
      "label": "Observability hooks (structured logs)",
      "supabase_area": "observability",
      "priority": "P1",
      "owner": null,
      "status": "todo",
      "notes": "",
      "links": []
    },
    {
      "id": "SBF-0034",
      "section": "API",
      "subsection": "",
      "label": "PostgREST CRUD with RLS",
      "supabase_area": "api",
      "priority": "P0",
      "owner": null,
      "status": "todo",
      "notes": "",
      "links": []
    },
    {
      "id": "SBF-0035",
      "section": "API",
      "subsection": "",
      "label": "OpenAPI docs + examples sanitized",
      "supabase_area": "api",
      "priority": "P2",
      "owner": null,
      "status": "todo",
      "notes": "",
      "links": []
    },
    {
      "id": "SBF-0036",
      "section": "API",
      "subsection": "",
      "label": "GraphQL via pg_graphql (optional)",
      "supabase_area": "api",
      "priority": "P3",
      "owner": null,
      "status": "todo",
      "notes": "",
      "links": []
    },
    {
      "id": "SBF-0037",
      "section": "API",
      "subsection": "",
      "label": "API rate limiting at edge/WAF",
      "supabase_area": "security",
      "priority": "P1",
      "owner": null,
      "status": "todo",
      "notes": "",
      "links": []
    },
    {
      "id": "SBF-0038",
      "section": "Monitoring & Observability",
      "subsection": "",
      "label": "Central log strategy (auth/db/functions/realtime)",
      "supabase_area": "observability",
      "priority": "P0",
      "owner": null,
      "status": "todo",
      "notes": "",
      "links": []
    },
    {
      "id": "SBF-0039",
      "section": "Monitoring & Observability",
      "subsection": "",
      "label": "Alerting: errors, usage thresholds, downtime",
      "supabase_area": "observability",
      "priority": "P1",
      "owner": null,
      "status": "todo",
      "notes": "",
      "links": []
    },
    {
      "id": "SBF-0040",
      "section": "Monitoring & Observability",
      "subsection": "",
      "label": "Audit logs exposed to tenant admins",
      "supabase_area": "observability",
      "priority": "P1",
      "owner": null,
      "status": "todo",
      "notes": "",
      "links": []
    },
    {
      "id": "SBF-0041",
      "section": "Billing & Quotas",
      "subsection": "",
      "label": "Track usage + enforce quotas per tenant",
      "supabase_area": "billing",
      "priority": "P0",
      "owner": null,
      "status": "todo",
      "notes": "",
      "links": []
    },
    {
      "id": "SBF-0042",
      "section": "Billing & Quotas",
      "subsection": "",
      "label": "Plan gates (feature flags)",
      "supabase_area": "billing",
      "priority": "P1",
      "owner": null,
      "status": "todo",
      "notes": "",
      "links": []
    },
    {
      "id": "SBF-0043",
      "section": "Billing & Quotas",
      "subsection": "",
      "label": "Overage handling + notifications",
      "supabase_area": "billing",
      "priority": "P2",
      "owner": null,
      "status": "todo",
      "notes": "",
      "links": []
    },
    {
      "id": "SBF-0044",
      "section": "CI/CD",
      "subsection": "",
      "label": "GitHub Actions: lint/test/typecheck",
      "supabase_area": "cicd",
      "priority": "P0",
      "owner": null,
      "status": "todo",
      "notes": "",
      "links": []
    },
    {
      "id": "SBF-0045",
      "section": "CI/CD",
      "subsection": "",
      "label": "Migrations check + drift detection",
      "supabase_area": "cicd",
      "priority": "P0",
      "owner": null,
      "status": "todo",
      "notes": "",
      "links": []
    },
    {
      "id": "SBF-0046",
      "section": "CI/CD",
      "subsection": "",
      "label": "Edge Functions deploy pipeline",
      "supabase_area": "cicd",
      "priority": "P1",
      "owner": null,
      "status": "todo",
      "notes": "",
      "links": []
    },
    {
      "id": "SBF-0047",
      "section": "Compliance",
      "subsection": "",
      "label": "Data export/delete workflows",
      "supabase_area": "compliance",
      "priority": "P1",
      "owner": null,
      "status": "todo",
      "notes": "",
      "links": []
    },
    {
      "id": "SBF-0048",
      "section": "Compliance",
      "subsection": "",
      "label": "Retention policies for logs/backups",
      "supabase_area": "compliance",
      "priority": "P1",
      "owner": null,
      "status": "todo",
      "notes": "",
      "links": []
    },
    {
      "id": "SBF-0049",
      "section": "Compliance",
      "subsection": "",
      "label": "SOC2 evidence mapping (if needed)",
      "supabase_area": "compliance",
      "priority": "P3",
      "owner": null,
      "status": "todo",
      "notes": "",
      "links": []
    },
    {
      "id": "SBF-0050",
      "section": "Integrations",
      "subsection": "",
      "label": "Email provider (SendGrid/SES) via functions",
      "supabase_area": "integrations",
      "priority": "P1",
      "owner": null,
      "status": "todo",
      "notes": "",
      "links": []
    },
    {
      "id": "SBF-0051",
      "section": "Integrations",
      "subsection": "",
      "label": "SMS provider (Twilio) via functions",
      "supabase_area": "integrations",
      "priority": "P2",
      "owner": null,
      "status": "todo",
      "notes": "",
      "links": []
    },
    {
      "id": "SBF-0052",
      "section": "Integrations",
      "subsection": "",
      "label": "Payments (Stripe) via functions",
      "supabase_area": "integrations",
      "priority": "P1",
      "owner": null,
      "status": "todo",
      "notes": "",
      "links": []
    },
    {
      "id": "SBF-0053",
      "section": "Integrations",
      "subsection": "",
      "label": "Search (Typesense/Algolia) sync via webhooks",
      "supabase_area": "integrations",
      "priority": "P2",
      "owner": null,
      "status": "todo",
      "notes": "",
      "links": []
    }
  ]
}