{
  "dataDir": "./data/jsonl",
  "outDir": "./out",
  "idRules": {
    "namespace": "solari",
    "version": "2025-12-14",
    "requireStableIds": true
  },
  "requiredCoverage": [
    {
      "kind": "hd:type",
      "ids": [
        "hd:type:generator",
        "hd:type:manifesting-generator",
        "hd:type:projector",
        "hd:type:manifestor",
        "hd:type:reflector"
      ]
    },
    {
      "kind": "biz:policy",
      "minCount": 10
    }
  ],
  "aliasMap": {
    "sacral authority": "hd:authority:sacral",
    "emotional authority": "hd:authority:solar-plexus"
  }
}