{
  "version": 1,
  "requireChangelog": true,
  "changelogPath": "CHANGELOG.md",
  "protected": [
    "package-lock.json",
    "pnpm-lock.yaml",
    "yarn.lock",
    ".env",
    ".env.*",
    "infra/**",
    "prisma/schema.prisma",
    "src/core/**",
    "tools/guardian/**",
    ".guardian/policy.json"
  ],
  "allowedTouch": [
    "src/**",
    "app/**",
    "pages/**",
    "components/**",
    "lib/**",
    "public/**",
    "data/**",
    "docs/**",
    "README.md",
    "CHANGELOG.md",
    ".guardian/manifest.json"
  ],
  "denyDelete": [
    "src/**",
    "app/**",
    "pages/**",
    "components/**",
    "lib/**"
  ],
  "denyRename": [
    "src/**",
    "app/**",
    "pages/**",
    "components/**",
    "lib/**"
  ],
  "maxFilesChanged": 200,
  "requireSynopsis": true,
  "synopsisOutput": ".guardian/report.md"
}