{
  "version": "1.0",
  "intents": [
    {
      "name": "greet",
      "slots": []
    },
    {
      "name": "smalltalk",
      "slots": [
        {
          "name": "topic",
          "type": "string",
          "optional": true
        }
      ]
    },
    {
      "name": "ask_status",
      "slots": [
        {
          "name": "system",
          "type": "string",
          "optional": true
        }
      ]
    },
    {
      "name": "create_booking",
      "slots": [
        {
          "name": "service",
          "type": "string"
        },
        {
          "name": "date",
          "type": "date"
        },
        {
          "name": "time",
          "type": "time"
        }
      ]
    },
    {
      "name": "cancel_booking",
      "slots": [
        {
          "name": "bookingId",
          "type": "string"
        }
      ]
    },
    {
      "name": "report_issue",
      "slots": [
        {
          "name": "area",
          "type": "string"
        },
        {
          "name": "details",
          "type": "string"
        }
      ]
    },
    {
      "name": "export_report",
      "slots": [
        {
          "name": "format",
          "type": "enum",
          "values": [
            "txt",
            "csv",
            "json"
          ]
        }
      ]
    },
    {
      "name": "security_question",
      "slots": [
        {
          "name": "topic",
          "type": "string"
        }
      ]
    },
    {
      "name": "handoff_human",
      "slots": [
        {
          "name": "reason",
          "type": "string",
          "optional": true
        }
      ]
    }
  ],
  "entities": [
    {
      "name": "date",
      "pattern": "ISO-8601 date"
    },
    {
      "name": "time",
      "pattern": "HH:MM or natural time"
    },
    {
      "name": "service",
      "examples": [
        "haircut",
        "consultation",
        "cleaning",
        "color"
      ]
    },
    {
      "name": "bookingId",
      "examples": [
        "bk_123",
        "booking-98a1"
      ]
    }
  ]
}