{
  "version": "1.0",
  "events": [
    {
      "name": "auth.login.success",
      "severity": "info",
      "fields": [
        "request_id",
        "user_id",
        "ip"
      ]
    },
    {
      "name": "auth.login.failed",
      "severity": "warn",
      "fields": [
        "request_id",
        "ip",
        "reason"
      ]
    },
    {
      "name": "security.rls.denied",
      "severity": "warn",
      "fields": [
        "request_id",
        "user_id",
        "tenant_id",
        "table"
      ]
    },
    {
      "name": "db.query.slow",
      "severity": "warn",
      "fields": [
        "request_id",
        "duration_ms",
        "query_hash"
      ]
    },
    {
      "name": "edge.function.error",
      "severity": "error",
      "fields": [
        "request_id",
        "function",
        "error_code"
      ]
    },
    {
      "name": "storage.upload.denied",
      "severity": "warn",
      "fields": [
        "request_id",
        "user_id",
        "path"
      ]
    }
  ]
}