[
  {
    "name": "booking.created",
    "module": "booking_core",
    "description": "A booking was created (pending/held/confirmed depending on flow)."
  },
  {
    "name": "booking.confirmed",
    "module": "booking_core",
    "description": "A booking became confirmed."
  },
  {
    "name": "booking.rescheduled",
    "module": "booking_core",
    "description": "Booking time changed."
  },
  {
    "name": "booking.cancelled",
    "module": "booking_core",
    "description": "Booking cancelled by client/staff/system."
  },
  {
    "name": "payment.succeeded",
    "module": "payments_core",
    "description": "Payment captured successfully."
  },
  {
    "name": "payment.failed",
    "module": "payments_core",
    "description": "Payment attempt failed."
  },
  {
    "name": "message.created",
    "module": "messaging_dm",
    "description": "New DM message in a conversation."
  },
  {
    "name": "client.updated",
    "module": "client_profiles",
    "description": "Client profile updated."
  },
  {
    "name": "campaign.sent",
    "module": "campaigns",
    "description": "A marketing message was dispatched."
  },
  {
    "name": "review.requested",
    "module": "review_engine",
    "description": "A review request was sent."
  },
  {
    "name": "risk.no_show_scored",
    "module": "no_show_prediction",
    "description": "A no-show risk score was computed."
  },
  {
    "name": "analytics.snapshot",
    "module": "ops_analytics",
    "description": "Periodic metrics snapshot created."
  }
]