{
  "openapi": "3.1.0",
  "info": {
    "title": "Business Spine API",
    "version": "v1"
  },
  "paths": {
    "/api/auth/login": {
      "post": {
        "summary": "Login (demo) -> JWT"
      }
    },
    "/api/openapi.json": {
      "get": {
        "summary": "OpenAPI JSON"
      }
    },
    "/api/metrics": {
      "get": {
        "summary": "Prometheus metrics"
      }
    },
    "/api/auth/register": {
      "post": {
        "summary": "Register (email+password)"
      }
    },
    "/api/auth/login_password": {
      "post": {
        "summary": "Login (password) -> session cookie"
      }
    },
    "/api/auth/logout": {
      "post": {
        "summary": "Logout"
      }
    },
    "/api/analytics/export": {
      "post": {
        "summary": "Queue report export"
      }
    },
    "/api/analytics/export/status": {
      "post": {
        "summary": "Check report export status"
      }
    },
    "/api/csrf": {
      "get": {
        "summary": "Get CSRF token + cookie"
      }
    },
    "/api/search/providers": {
      "post": {
        "summary": "Elasticsearch provider search (tenant scoped)"
      }
    },
    "/api/privacy/export/request": {
      "post": {
        "summary": "GDPR/CCPA export request"
      }
    },
    "/api/privacy/delete/request": {
      "post": {
        "summary": "GDPR/CCPA delete request"
      }
    },
    "/api/privacy/request/status": {
      "post": {
        "summary": "GDPR/CCPA request status"
      }
    },
    "/api/advanced/recommendations": {
      "get": {
        "summary": "Recommendations (stub)"
      }
    }
  }
}