risk_id,title,category,severity,likelihood,owner,mitigation,detection,status,last_reviewed
R-001,Service role key exposed in client,security,critical,medium,,Move to server-only; rotate key,Secret scanning + CI grep,open,
R-002,RLS missing on new table,security,critical,medium,,Default deny; policy checklist,RLS tests + migration gate,open,
R-003,No pagination on list endpoint,performance,high,high,,Add limit/offset; cursor pagination,APM slow endpoint alerts,open,
R-004,Webhook duplicates cause double-processing,reliability,high,medium,,Idempotency keys; dedupe table,Webhook logs + replay tools,open,
