{
  "vertical": "beauty_wellness",
  "label": "Beauty & Wellness",
  "service_templates": [
    {
      "name": "Haircut",
      "default_duration_min": 60,
      "default_price": 50
    },
    {
      "name": "Color",
      "default_duration_min": 180,
      "default_price": 150
    },
    {
      "name": "Gel Manicure",
      "default_duration_min": 60,
      "default_price": 55
    },
    {
      "name": "Deep Tissue Massage",
      "default_duration_min": 60,
      "default_price": 120
    }
  ],
  "required_fields": [
    "license_number"
  ],
  "compliance_rules": [
    "photo_consent_required",
    "license_required_for_restricted_services"
  ],
  "booking_cadence_hint": "4-8 weeks",
  "features": {
    "before_after_photos": true,
    "formulas_notes": true
  }
}