{
  "vertical": "education",
  "label": "Education & Tutoring",
  "service_templates": [
    {
      "name": "Math Tutoring",
      "default_duration_min": 60,
      "default_price": 60
    },
    {
      "name": "SAT Prep",
      "default_duration_min": 90,
      "default_price": 100
    },
    {
      "name": "Music Lesson",
      "default_duration_min": 45,
      "default_price": 50
    }
  ],
  "required_fields": [],
  "compliance_rules": [
    "minor_safety_policies"
  ],
  "booking_cadence_hint": "1-2x per week",
  "features": {
    "student_progress": true,
    "parent_comms": true
  }
}