{
  "vertical": "fitness",
  "label": "Fitness & Training",
  "service_templates": [
    {
      "name": "1-on-1 Session",
      "default_duration_min": 60,
      "default_price": 80
    },
    {
      "name": "Group Class",
      "default_duration_min": 60,
      "default_price": 20
    },
    {
      "name": "Nutrition Consultation",
      "default_duration_min": 45,
      "default_price": 65
    }
  ],
  "required_fields": [],
  "compliance_rules": [
    "parq_intake_recommended"
  ],
  "booking_cadence_hint": "1-2x per week",
  "features": {
    "progress_tracking": true,
    "program_templates": true
  }
}