{
  "vertical": "health_therapy",
  "label": "Health & Therapy",
  "service_templates": [
    {
      "name": "Therapy Session",
      "default_duration_min": 50,
      "default_price": 150
    },
    {
      "name": "Nutrition Consultation",
      "default_duration_min": 45,
      "default_price": 120
    },
    {
      "name": "Physical Therapy",
      "default_duration_min": 60,
      "default_price": 175
    }
  ],
  "required_fields": [
    "license_number"
  ],
  "compliance_rules": [
    "hipaa_mode",
    "encrypted_notes",
    "minimum_audit_logging"
  ],
  "booking_cadence_hint": "weekly/bi-weekly",
  "features": {
    "secure_notes": true,
    "insurance_optional": true
  }
}