{
  "vertical": "home_services",
  "label": "Home Services",
  "service_templates": [
    {
      "name": "House Cleaning",
      "default_duration_min": 180,
      "default_price": 180
    },
    {
      "name": "Handyman Visit",
      "default_duration_min": 120,
      "default_price": 150
    },
    {
      "name": "Dog Walking",
      "default_duration_min": 30,
      "default_price": 25
    }
  ],
  "required_fields": [],
  "compliance_rules": [
    "address_privacy_controls"
  ],
  "booking_cadence_hint": "weekly/bi-weekly/as-needed",
  "features": {
    "routing_travel_time": true,
    "before_after_photos": true
  }
}