{
  "vertical": "professional_services",
  "label": "Professional Services",
  "service_templates": [
    {
      "name": "Consultation Call",
      "default_duration_min": 30,
      "default_price": 75
    },
    {
      "name": "Strategy Session",
      "default_duration_min": 60,
      "default_price": 200
    },
    {
      "name": "Tax Prep (Project)",
      "default_duration_min": 120,
      "default_price": 600
    }
  ],
  "required_fields": [],
  "compliance_rules": [
    "nda_optional",
    "document_retention_policy"
  ],
  "booking_cadence_hint": "as-needed",
  "features": {
    "document_uploads": true,
    "contracts": true
  }
}