{
  "schema": "amc.chart.v1",
  "chartId": "00000000-0000-0000-0000-000000000000",
  "chartType": "natal",
  "source": {
    "engine": "placeholder",
    "engineVersion": "0.0.0",
    "ephemeris": "unknown",
    "houseSystem": "placidus",
    "zodiac": "tropical",
    "ayanamsa": null,
    "timestampUtc": "2000-01-01T00:00:00Z"
  },
  "subject": {
    "displayName": "Sample Native",
    "birth": {
      "date": "2000-01-01",
      "time": "00:00:00",
      "timezone": "GMT",
      "ut": {
        "date": "2000-01-01",
        "time": "00:00:00"
      },
      "location": {
        "label": "Missing Coordinates",
        "lat": 0,
        "lon": 0,
        "tz": "Etc/GMT"
      }
    }
  },
  "derived": {
    "localSiderealTime": "06:39:51",
    "points": [
      { "name": "Sun", "sign": "Capricorn", "lonDeg": 279.85, "retrograde": false },
      { "name": "Moon", "sign": "Scorpio", "lonDeg": 217.2833333333, "retrograde": false },
      { "name": "Mercury", "sign": "Capricorn", "lonDeg": 271.1, "retrograde": false },
      { "name": "Venus", "sign": "Sagittarius", "lonDeg": 240.95, "retrograde": false },
      { "name": "Mars", "sign": "Aquarius", "lonDeg": 327.5666666667, "retrograde": false },
      { "name": "Jupiter", "sign": "Aries", "lonDeg": 25.2166666667, "retrograde": false },
      { "name": "Saturn", "sign": "Taurus", "lonDeg": 40.4, "retrograde": true },
      { "name": "Uranus", "sign": "Aquarius", "lonDeg": 314.7833333333, "retrograde": false },
      { "name": "Neptune", "sign": "Aquarius", "lonDeg": 303.1666666667, "retrograde": false },
      { "name": "Pluto", "sign": "Sagittarius", "lonDeg": 251.4333333333, "retrograde": false },
      { "name": "Node", "sign": "Leo", "lonDeg": 125.0666666667, "retrograde": true },
      { "name": "Lilith", "sign": "Sagittarius", "lonDeg": 263.4, "retrograde": false },
      { "name": "Chiron", "sign": "Sagittarius", "lonDeg": 251.55, "retrograde": false },
      { "name": "Fortune", "sign": "Sagittarius", "lonDeg": 253.4, "retrograde": false },
      { "name": "Vertex", "sign": "Aries", "lonDeg": 0, "retrograde": false },
      { "name": "ASC", "sign": "Libra", "lonDeg": 190.8333333333, "retrograde": false },
      { "name": "MC", "sign": "Cancer", "lonDeg": 99.15, "retrograde": false }
    ],
    "houses": [
      { "house": 1, "sign": "Libra", "lonDeg": 190.8333333333 },
      { "house": 2, "sign": "Scorpio", "lonDeg": 222.4 },
      { "house": 3, "sign": "Sagittarius", "lonDeg": 251.5 },
      { "house": 4, "sign": "Capricorn", "lonDeg": 279.15 },
      { "house": 5, "sign": "Aquarius", "lonDeg": 307.55 },
      { "house": 6, "sign": "Pisces", "lonDeg": 338.3166666667 }
    ],
    "aspects": []
  }
}
