{
  "schema_version": "chart.v1",
  "engine": {
    "name": "solari-engine",
    "version": "1.0.0",
    "build": "git:demo",
    "ephemeris": "swisseph",
    "house_system": "placidus",
    "zodiac": "tropical",
    "ayanamsa": null
  },
  "input": {
    "dob_display": "2000-01-01 00:00",
    "timezone_display": "GMT",
    "utc_datetime": "2000-01-01T00:00:00Z",
    "lat": 0,
    "lon": 0,
    "geo": {
      "is_missing": true,
      "source": "none",
      "label": "Missing Coordinates"
    }
  },
  "derived": {
    "local_sidereal_time": {
      "hms": "06:39:51",
      "hours": 6.6641666667
    }
  },
  "points": {
    "bodies": [
      { "key": "sun", "sign": "capricorn", "lon": 279.85, "retrograde": false },
      { "key": "moon", "sign": "scorpio", "lon": 217.2833333333, "retrograde": false },
      { "key": "mercury", "sign": "capricorn", "lon": 271.1, "retrograde": false },
      { "key": "venus", "sign": "sagittarius", "lon": 240.95, "retrograde": false },
      { "key": "mars", "sign": "aquarius", "lon": 327.5666666667, "retrograde": false },
      { "key": "jupiter", "sign": "aries", "lon": 25.2166666667, "retrograde": false },
      { "key": "saturn", "sign": "taurus", "lon": 40.4, "retrograde": true, "retrograde_fmt": "R" },
      { "key": "uranus", "sign": "aquarius", "lon": 314.7833333333, "retrograde": false },
      { "key": "neptune", "sign": "aquarius", "lon": 303.1666666667, "retrograde": false },
      { "key": "pluto", "sign": "sagittarius", "lon": 251.4333333333, "retrograde": false },
      { "key": "node_mean", "sign": "leo", "lon": 125.0666666667, "retrograde": true, "retrograde_fmt": "R" },
      { "key": "lilith_mean", "sign": "sagittarius", "lon": 263.4, "retrograde": false },
      { "key": "chiron", "sign": "sagittarius", "lon": 251.55, "retrograde": false },
      { "key": "part_of_fortune", "sign": "sagittarius", "lon": 253.4, "retrograde": false },
      { "key": "vertex", "sign": "aries", "lon": 0, "retrograde": false },
      { "key": "asc", "sign": "libra", "lon": 190.8333333333, "retrograde": false },
      { "key": "mc", "sign": "cancer", "lon": 99.15, "retrograde": false }
    ],
    "houses": [
      { "key": "h1", "sign": "libra", "lon": 190.8333333333 },
      { "key": "h2", "sign": "scorpio", "lon": 222.4 },
      { "key": "h3", "sign": "sagittarius", "lon": 251.5 },
      { "key": "h4", "sign": "capricorn", "lon": 279.15 },
      { "key": "h5", "sign": "aquarius", "lon": 307.55 },
      { "key": "h6", "sign": "pisces", "lon": 338.3166666667 }
    ]
  }
}
