{
  "id": "calendar.availability",
  "name": "Calendar Availability Suggestions",
  "version": "1.0.0",
  "status": "beta",
  "primary_user_job": "Suggest time slots that work for everyone based on connected calendars.",
  "entry_points": [
    {
      "type": "user_action",
      "name": "check_availability",
      "route_or_surface": "/calendar/availability",
      "trigger": "User taps 'Find a time'"
    },
    {
      "type": "agent_tool",
      "name": "get_availability",
      "trigger": "Agent requested to coordinate schedules"
    }
  ],
  "input_sources": [
    {
      "name": "Calendar Accounts",
      "type": "api",
      "entities": [
        "CalendarAccount"
      ],
      "schema_ref": "schemas/calendar-accounts.schema.json"
    },
    {
      "name": "Calendar Events",
      "type": "api",
      "entities": [
        "CalendarEvent"
      ],
      "schema_ref": "schemas/calendar-events.schema.json"
    },
    {
      "name": "User Preferences",
      "type": "db",
      "entities": [
        "User"
      ],
      "schema_ref": "schemas/user-preferences.schema.json"
    }
  ],
  "output_artifacts": [
    {
      "name": "Suggested Slots",
      "type": "ui_state",
      "entities": [
        "TimeRange"
      ],
      "schema_ref": "schemas/suggested-slots.schema.json"
    },
    {
      "name": "Availability Computed Event",
      "type": "analytics_event",
      "entities": [
        "Event"
      ],
      "schema_ref": "schemas/event-payload.schema.json"
    }
  ],
  "state_touches": [
    {
      "layer": "redux_global",
      "keys": [
        "calendar.availability"
      ],
      "owned_by": "calendar.availability"
    },
    {
      "layer": "indexdb",
      "keys": [
        "calendar_events_cache"
      ],
      "owned_by": "cache"
    }
  ],
  "events": {
    "emits": [
      {
        "name": "calendar.availability.computed",
        "type": "system_action",
        "payload_schema": "schemas/event-payload.schema.json",
        "description": "Computed availability suggestions for participants."
      }
    ],
    "listens": [
      {
        "event_name": "calendar.events.synced",
        "handler": "calendar.availability.recompute",
        "conditions": "When relevant participants or date range overlaps current view",
        "effects": [
          "Recompute suggestions",
          "Update UI state"
        ]
      }
    ]
  },
  "dependencies": {
    "upstream": [
      "calendar.accounts",
      "calendar.events"
    ],
    "downstream": [
      "tasks.create_from_slot",
      "notifications.reminders"
    ]
  },
  "primitives_used": [
    "User",
    "Event",
    "TimeRange",
    "Status",
    "Source"
  ],
  "lifecycle": {
    "states": [
      "inactive",
      "loading",
      "active",
      "degraded",
      "failed"
    ],
    "default_state": "inactive"
  },
  "flags": {
    "feature_flag": "ff_calendar_availability",
    "kill_switch": true,
    "rollout": {
      "strategy": "beta",
      "percent": 20
    }
  },
  "failure_modes": [
    {
      "mode": "no_connected_calendars",
      "user_message": "Connect a calendar to check availability.",
      "recovery": "Open calendar connections screen",
      "telemetry": [
        "availability.no_calendars"
      ]
    },
    {
      "mode": "events_fetch_failed",
      "user_message": "Something went wrong. Contact support.",
      "recovery": "Retry fetch, then degrade to manual entry",
      "telemetry": [
        "availability.fetch_failed"
      ]
    }
  ],
  "owner": {
    "system": "calendar",
    "team_or_person": "AJ"
  }
}