{
  "$schema": "https://json-schema.org/draft/2020-12/schema",
  "$id": "https://example.local/schemas/event-payload.schema.json",
  "title": "EventPayloadBase",
  "type": "object",
  "additionalProperties": true,
  "required": [
    "event_id",
    "occurred_at",
    "actor",
    "entity",
    "context"
  ],
  "properties": {
    "event_id": {
      "type": "string"
    },
    "occurred_at": {
      "type": "string",
      "format": "date-time"
    },
    "actor": {
      "type": "object",
      "required": [
        "type"
      ],
      "properties": {
        "type": {
          "type": "string",
          "enum": [
            "user",
            "system",
            "agent"
          ]
        },
        "user_id": {
          "type": "string"
        },
        "agent_id": {
          "type": "string"
        }
      }
    },
    "entity": {
      "type": "object",
      "required": [
        "type",
        "id"
      ],
      "properties": {
        "type": {
          "type": "string"
        },
        "id": {
          "type": "string"
        }
      }
    },
    "context": {
      "type": "object",
      "properties": {
        "request_id": {
          "type": "string"
        },
        "trace_id": {
          "type": "string"
        },
        "app": {
          "type": "string"
        },
        "env": {
          "type": "string"
        }
      }
    }
  }
}