{
  "$schema": "https://json-schema.org/draft/2020-12/schema",
  "$id": "https://example.local/schemas/feature-contract.schema.json",
  "title": "FeatureContract",
  "type": "object",
  "additionalProperties": false,
  "required": [
    "id",
    "name",
    "version",
    "primary_user_job",
    "entry_points",
    "input_sources",
    "output_artifacts",
    "state_touches",
    "events",
    "dependencies",
    "lifecycle",
    "flags",
    "failure_modes",
    "owner"
  ],
  "properties": {
    "id": {
      "type": "string",
      "pattern": "^[a-z0-9]+([._-][a-z0-9]+)*$",
      "description": "Stable, lowercase identifier (kebab/slug style)."
    },
    "name": {
      "type": "string",
      "minLength": 2
    },
    "version": {
      "type": "string",
      "pattern": "^\\d+\\.\\d+\\.\\d+$"
    },
    "status": {
      "type": "string",
      "enum": [
        "proposed",
        "building",
        "beta",
        "shipping",
        "deprecated"
      ],
      "default": "proposed"
    },
    "primary_user_job": {
      "type": "string",
      "minLength": 10
    },
    "notes": {
      "type": "string"
    },
    "entry_points": {
      "type": "array",
      "minItems": 1,
      "items": {
        "type": "object",
        "additionalProperties": false,
        "required": [
          "type",
          "name"
        ],
        "properties": {
          "type": {
            "type": "string",
            "enum": [
              "user_action",
              "scheduled_job",
              "external_event",
              "agent_tool"
            ]
          },
          "name": {
            "type": "string"
          },
          "route_or_surface": {
            "type": "string"
          },
          "trigger": {
            "type": "string"
          }
        }
      }
    },
    "input_sources": {
      "type": "array",
      "items": {
        "type": "object",
        "additionalProperties": false,
        "required": [
          "name",
          "type"
        ],
        "properties": {
          "name": {
            "type": "string"
          },
          "type": {
            "type": "string",
            "enum": [
              "api",
              "db",
              "cache",
              "indexdb",
              "device",
              "third_party",
              "user_input"
            ]
          },
          "entities": {
            "type": "array",
            "items": {
              "type": "string"
            }
          },
          "schema_ref": {
            "type": "string"
          }
        }
      }
    },
    "output_artifacts": {
      "type": "array",
      "items": {
        "type": "object",
        "additionalProperties": false,
        "required": [
          "name",
          "type"
        ],
        "properties": {
          "name": {
            "type": "string"
          },
          "type": {
            "type": "string",
            "enum": [
              "api_mutation",
              "db_write",
              "cache_write",
              "indexdb_write",
              "ui_state",
              "notification",
              "analytics_event"
            ]
          },
          "entities": {
            "type": "array",
            "items": {
              "type": "string"
            }
          },
          "schema_ref": {
            "type": "string"
          }
        }
      }
    },
    "state_touches": {
      "type": "array",
      "minItems": 1,
      "items": {
        "type": "object",
        "additionalProperties": false,
        "required": [
          "layer",
          "owned_by"
        ],
        "properties": {
          "layer": {
            "type": "string",
            "enum": [
              "ui_local",
              "redux_global",
              "server_db",
              "cache_memory",
              "indexdb"
            ]
          },
          "keys": {
            "type": "array",
            "items": {
              "type": "string"
            }
          },
          "owned_by": {
            "type": "string",
            "description": "Who owns truth for this state slice (feature/system)."
          }
        }
      }
    },
    "events": {
      "type": "object",
      "additionalProperties": false,
      "required": [
        "emits",
        "listens"
      ],
      "properties": {
        "emits": {
          "type": "array",
          "items": {
            "$ref": "#/$defs/event"
          }
        },
        "listens": {
          "type": "array",
          "items": {
            "$ref": "#/$defs/event_listener"
          }
        }
      }
    },
    "dependencies": {
      "type": "object",
      "additionalProperties": false,
      "required": [
        "upstream",
        "downstream"
      ],
      "properties": {
        "upstream": {
          "type": "array",
          "items": {
            "type": "string"
          }
        },
        "downstream": {
          "type": "array",
          "items": {
            "type": "string"
          }
        }
      }
    },
    "primitives_used": {
      "type": "array",
      "items": {
        "type": "string"
      },
      "description": "Shared primitives this feature uses (User, Task, Event, TimeRange, etc)."
    },
    "lifecycle": {
      "type": "object",
      "additionalProperties": false,
      "required": [
        "states",
        "default_state"
      ],
      "properties": {
        "states": {
          "type": "array",
          "items": {
            "type": "string",
            "enum": [
              "inactive",
              "loading",
              "active",
              "degraded",
              "failed"
            ]
          },
          "minItems": 3
        },
        "default_state": {
          "type": "string",
          "enum": [
            "inactive",
            "loading",
            "active",
            "degraded",
            "failed"
          ]
        }
      }
    },
    "flags": {
      "type": "object",
      "additionalProperties": false,
      "required": [
        "feature_flag",
        "kill_switch"
      ],
      "properties": {
        "feature_flag": {
          "type": "string",
          "minLength": 2
        },
        "kill_switch": {
          "type": "boolean"
        },
        "rollout": {
          "type": "object",
          "additionalProperties": false,
          "properties": {
            "strategy": {
              "type": "string",
              "enum": [
                "off",
                "internal",
                "beta",
                "gradual",
                "on"
              ]
            },
            "percent": {
              "type": "number",
              "minimum": 0,
              "maximum": 100
            }
          }
        }
      }
    },
    "failure_modes": {
      "type": "array",
      "items": {
        "type": "object",
        "additionalProperties": false,
        "required": [
          "mode",
          "user_message",
          "recovery"
        ],
        "properties": {
          "mode": {
            "type": "string"
          },
          "user_message": {
            "type": "string"
          },
          "recovery": {
            "type": "string"
          },
          "telemetry": {
            "type": "array",
            "items": {
              "type": "string"
            }
          }
        }
      }
    },
    "owner": {
      "type": "object",
      "additionalProperties": false,
      "required": [
        "system",
        "team_or_person"
      ],
      "properties": {
        "system": {
          "type": "string",
          "description": "The owning subsystem/module (e.g., calendar, tasks, auth, cache)."
        },
        "team_or_person": {
          "type": "string"
        }
      }
    }
  },
  "$defs": {
    "event": {
      "type": "object",
      "additionalProperties": false,
      "required": [
        "name",
        "type",
        "payload_schema"
      ],
      "properties": {
        "name": {
          "type": "string",
          "pattern": "^[a-z0-9]+(\\.[a-z0-9]+)+$"
        },
        "type": {
          "type": "string",
          "enum": [
            "created",
            "updated",
            "deleted",
            "synced",
            "failed",
            "user_action",
            "system_action"
          ]
        },
        "payload_schema": {
          "type": "string",
          "description": "Reference to a JSON schema file path or URL."
        },
        "description": {
          "type": "string"
        }
      }
    },
    "event_listener": {
      "type": "object",
      "additionalProperties": false,
      "required": [
        "event_name",
        "handler"
      ],
      "properties": {
        "event_name": {
          "type": "string"
        },
        "handler": {
          "type": "string",
          "description": "The handler name/module that responds to this event."
        },
        "conditions": {
          "type": "string"
        },
        "effects": {
          "type": "array",
          "items": {
            "type": "string"
          }
        }
      }
    }
  }
}