[
  {
    "method": "POST",
    "path": "/api/bookings",
    "module": "booking_core"
  },
  {
    "method": "PATCH",
    "path": "/api/bookings/:id/reschedule",
    "module": "booking_core"
  },
  {
    "method": "PATCH",
    "path": "/api/bookings/:id/cancel",
    "module": "booking_core"
  },
  {
    "method": "GET",
    "path": "/api/availability",
    "module": "availability_scheduler"
  },
  {
    "method": "POST",
    "path": "/api/payments/intent",
    "module": "payments_core"
  },
  {
    "method": "POST",
    "path": "/api/messages",
    "module": "messaging_dm"
  },
  {
    "method": "GET",
    "path": "/api/conversations",
    "module": "messaging_dm"
  }
]