{
  "version": 4,
  "intents": [
    {
      "name": "greeting",
      "tags": [
        "hello",
        "hi",
        "hey",
        "yo",
        "sup",
        "good morning",
        "good evening"
      ]
    },
    {
      "name": "thanks",
      "tags": [
        "thanks",
        "thank you",
        "thx",
        "appreciate"
      ]
    },
    {
      "name": "how_to",
      "tags": [
        "how do i",
        "how to",
        "steps",
        "guide",
        "best way"
      ]
    },
    {
      "name": "design_feedback",
      "tags": [
        "ui",
        "layout",
        "figma",
        "design",
        "button",
        "spacing",
        "theme",
        "header",
        "bio page"
      ]
    },
    {
      "name": "code_request",
      "tags": [
        "code",
        "typescript",
        "react",
        "next",
        "ts",
        "component",
        "api route",
        "schema"
      ]
    },
    {
      "name": "debug",
      "tags": [
        "error",
        "bug",
        "crash",
        "failed",
        "not working",
        "blank",
        "500",
        "stack trace",
        "deploy"
      ]
    },
    {
      "name": "booking",
      "tags": [
        "book",
        "booking",
        "appointment",
        "schedule",
        "availability",
        "calendar",
        "reschedule",
        "cancel"
      ]
    },
    {
      "name": "account_auth",
      "tags": [
        "login",
        "password",
        "2fa",
        "session",
        "token",
        "cookie",
        "logout"
      ]
    },
    {
      "name": "messaging",
      "tags": [
        "message",
        "chat",
        "dm",
        "inbox",
        "thread"
      ]
    },
    {
      "name": "payments",
      "tags": [
        "stripe",
        "payment",
        "checkout",
        "refund",
        "deposit"
      ]
    },
    {
      "name": "search_discovery",
      "tags": [
        "search",
        "filter",
        "nearby",
        "map",
        "discover"
      ]
    },
    {
      "name": "copywriting",
      "tags": [
        "bio",
        "headline",
        "caption",
        "copy",
        "about"
      ]
    },
    {
      "name": "refusal",
      "tags": [
        "bypass",
        "hack",
        "exploit",
        "steal",
        "pirate"
      ]
    },
    {
      "name": "unknown",
      "tags": []
    }
  ],
  "routing": {
    "default": "unknown",
    "max_examples_per_intent": 10
  }
}