{
  "schema": "checklist.v1",
  "title": "Disaster Checklist Pack",
  "sections": [
    {
      "id": "sec.legal_compliance_disasters_continued",
      "title": "LEGAL & COMPLIANCE DISASTERS (CONTINUED)",
      "groups": [
        {
          "id": "sec.legal_compliance_disasters_continued.privacy_violations_continued",
          "title": "Privacy Violations (Continued)",
          "items": [
            {
              "id": "sec.legal_compliance_disasters_continued.privacy_violations_continued.0001",
              "text": "No cookie consent banner",
              "severity": "unknown"
            },
            {
              "id": "sec.legal_compliance_disasters_continued.privacy_violations_continued.0002",
              "text": "Tracking users without permission",
              "severity": "unknown"
            },
            {
              "id": "sec.legal_compliance_disasters_continued.privacy_violations_continued.0003",
              "text": "Sharing user data without consent",
              "severity": "unknown"
            },
            {
              "id": "sec.legal_compliance_disasters_continued.privacy_violations_continued.0004",
              "text": "No data processing agreements",
              "severity": "unknown"
            },
            {
              "id": "sec.legal_compliance_disasters_continued.privacy_violations_continued.0005",
              "text": "Not honoring \u201cDo Not Track\u201d",
              "severity": "unknown"
            },
            {
              "id": "sec.legal_compliance_disasters_continued.privacy_violations_continued.0006",
              "text": "No way to delete account",
              "severity": "unknown"
            },
            {
              "id": "sec.legal_compliance_disasters_continued.privacy_violations_continued.0007",
              "text": "No way to export user data",
              "severity": "unknown"
            },
            {
              "id": "sec.legal_compliance_disasters_continued.privacy_violations_continued.0008",
              "text": "Not deleting data after retention period",
              "severity": "unknown"
            },
            {
              "id": "sec.legal_compliance_disasters_continued.privacy_violations_continued.0009",
              "text": "Keeping data longer than needed",
              "severity": "unknown"
            },
            {
              "id": "sec.legal_compliance_disasters_continued.privacy_violations_continued.0010",
              "text": "No data anonymization",
              "severity": "unknown"
            },
            {
              "id": "sec.legal_compliance_disasters_continued.privacy_violations_continued.0011",
              "text": "PII in logs",
              "severity": "unknown"
            },
            {
              "id": "sec.legal_compliance_disasters_continued.privacy_violations_continued.0012",
              "text": "PII in URLs",
              "severity": "unknown"
            },
            {
              "id": "sec.legal_compliance_disasters_continued.privacy_violations_continued.0013",
              "text": "PII in analytics",
              "severity": "unknown"
            },
            {
              "id": "sec.legal_compliance_disasters_continued.privacy_violations_continued.0014",
              "text": "Sending PII to third parties",
              "severity": "unknown"
            },
            {
              "id": "sec.legal_compliance_disasters_continued.privacy_violations_continued.0015",
              "text": "No data breach notification plan",
              "severity": "unknown"
            },
            {
              "id": "sec.legal_compliance_disasters_continued.privacy_violations_continued.0016",
              "text": "Not reporting breaches within required time",
              "severity": "unknown"
            },
            {
              "id": "sec.legal_compliance_disasters_continued.privacy_violations_continued.0017",
              "text": "No Data Protection Officer (when required)",
              "severity": "unknown"
            },
            {
              "id": "sec.legal_compliance_disasters_continued.privacy_violations_continued.0018",
              "text": "Children\u2019s data without parental consent (COPPA)",
              "severity": "unknown"
            },
            {
              "id": "sec.legal_compliance_disasters_continued.privacy_violations_continued.0019",
              "text": "No age verification",
              "severity": "unknown"
            },
            {
              "id": "sec.legal_compliance_disasters_continued.privacy_violations_continued.0020",
              "text": "Violating CCPA/CPRA requirements",
              "severity": "unknown"
            },
            {
              "id": "sec.legal_compliance_disasters_continued.privacy_violations_continued.0021",
              "text": "No opt-out mechanism for data sale",
              "severity": "unknown"
            },
            {
              "id": "sec.legal_compliance_disasters_continued.privacy_violations_continued.0022",
              "text": "Not respecting user data rights",
              "severity": "unknown"
            },
            {
              "id": "sec.legal_compliance_disasters_continued.privacy_violations_continued.0023",
              "text": "No record of processing activities (ROPA)",
              "severity": "unknown"
            }
          ]
        },
        {
          "id": "sec.legal_compliance_disasters_continued.terms_of_service_issues",
          "title": "Terms of Service Issues",
          "items": [
            {
              "id": "sec.legal_compliance_disasters_continued.terms_of_service_issues.0024",
              "text": "No terms of service",
              "severity": "unknown"
            },
            {
              "id": "sec.legal_compliance_disasters_continued.terms_of_service_issues.0025",
              "text": "Copied ToS from another site",
              "severity": "unknown"
            },
            {
              "id": "sec.legal_compliance_disasters_continued.terms_of_service_issues.0026",
              "text": "ToS not enforceable",
              "severity": "unknown"
            },
            {
              "id": "sec.legal_compliance_disasters_continued.terms_of_service_issues.0027",
              "text": "No acceptance mechanism",
              "severity": "unknown"
            },
            {
              "id": "sec.legal_compliance_disasters_continued.terms_of_service_issues.0028",
              "text": "Changes to ToS without notification",
              "severity": "unknown"
            },
            {
              "id": "sec.legal_compliance_disasters_continued.terms_of_service_issues.0029",
              "text": "Unclear liability limitations",
              "severity": "unknown"
            },
            {
              "id": "sec.legal_compliance_disasters_continued.terms_of_service_issues.0030",
              "text": "No dispute resolution clause",
              "severity": "unknown"
            },
            {
              "id": "sec.legal_compliance_disasters_continued.terms_of_service_issues.0031",
              "text": "Wrong jurisdiction specified",
              "severity": "unknown"
            },
            {
              "id": "sec.legal_compliance_disasters_continued.terms_of_service_issues.0032",
              "text": "Contradictory terms",
              "severity": "unknown"
            },
            {
              "id": "sec.legal_compliance_disasters_continued.terms_of_service_issues.0033",
              "text": "Unreasonable terms",
              "severity": "unknown"
            },
            {
              "id": "sec.legal_compliance_disasters_continued.terms_of_service_issues.0034",
              "text": "No intellectual property rights defined",
              "severity": "unknown"
            },
            {
              "id": "sec.legal_compliance_disasters_continued.terms_of_service_issues.0035",
              "text": "No user content ownership clarity",
              "severity": "unknown"
            },
            {
              "id": "sec.legal_compliance_disasters_continued.terms_of_service_issues.0036",
              "text": "No prohibited use policy",
              "severity": "unknown"
            },
            {
              "id": "sec.legal_compliance_disasters_continued.terms_of_service_issues.0037",
              "text": "No acceptable use policy",
              "severity": "unknown"
            },
            {
              "id": "sec.legal_compliance_disasters_continued.terms_of_service_issues.0038",
              "text": "No service termination terms",
              "severity": "unknown"
            }
          ]
        },
        {
          "id": "sec.legal_compliance_disasters_continued.compliance_violations",
          "title": "Compliance Violations",
          "items": [
            {
              "id": "sec.legal_compliance_disasters_continued.compliance_violations.0039",
              "text": "Not PCI DSS compliant (if handling cards)",
              "severity": "unknown"
            },
            {
              "id": "sec.legal_compliance_disasters_continued.compliance_violations.0040",
              "text": "Storing credit card data improperly",
              "severity": "unknown"
            },
            {
              "id": "sec.legal_compliance_disasters_continued.compliance_violations.0041",
              "text": "Not HIPAA compliant (if healthcare)",
              "severity": "unknown"
            },
            {
              "id": "sec.legal_compliance_disasters_continued.compliance_violations.0042",
              "text": "PHI not properly encrypted",
              "severity": "unknown"
            },
            {
              "id": "sec.legal_compliance_disasters_continued.compliance_violations.0043",
              "text": "Not SOC 2 compliant (when promised)",
              "severity": "unknown"
            },
            {
              "id": "sec.legal_compliance_disasters_continued.compliance_violations.0044",
              "text": "No audit logs for compliance",
              "severity": "unknown"
            },
            {
              "id": "sec.legal_compliance_disasters_continued.compliance_violations.0045",
              "text": "Not meeting contractual SLAs",
              "severity": "unknown"
            },
            {
              "id": "sec.legal_compliance_disasters_continued.compliance_violations.0046",
              "text": "Violating industry regulations",
              "severity": "unknown"
            },
            {
              "id": "sec.legal_compliance_disasters_continued.compliance_violations.0047",
              "text": "No compliance documentation",
              "severity": "unknown"
            },
            {
              "id": "sec.legal_compliance_disasters_continued.compliance_violations.0048",
              "text": "No security policies",
              "severity": "unknown"
            },
            {
              "id": "sec.legal_compliance_disasters_continued.compliance_violations.0049",
              "text": "No incident response plan (when required)",
              "severity": "unknown"
            },
            {
              "id": "sec.legal_compliance_disasters_continued.compliance_violations.0050",
              "text": "Not meeting data residency requirements",
              "severity": "unknown"
            },
            {
              "id": "sec.legal_compliance_disasters_continued.compliance_violations.0051",
              "text": "Using non-compliant subprocessors",
              "severity": "unknown"
            },
            {
              "id": "sec.legal_compliance_disasters_continued.compliance_violations.0052",
              "text": "No vendor management program",
              "severity": "unknown"
            },
            {
              "id": "sec.legal_compliance_disasters_continued.compliance_violations.0053",
              "text": "No business associate agreements (BAA)",
              "severity": "unknown"
            },
            {
              "id": "sec.legal_compliance_disasters_continued.compliance_violations.0054",
              "text": "Accessibility violations (ADA, Section 508)",
              "severity": "unknown"
            }
          ]
        },
        {
          "id": "sec.legal_compliance_disasters_continued.licensing_issues",
          "title": "Licensing Issues",
          "items": [
            {
              "id": "sec.legal_compliance_disasters_continued.licensing_issues.0055",
              "text": "Using GPL code in proprietary software",
              "severity": "unknown"
            },
            {
              "id": "sec.legal_compliance_disasters_continued.licensing_issues.0056",
              "text": "Not including required license notices",
              "severity": "unknown"
            },
            {
              "id": "sec.legal_compliance_disasters_continued.licensing_issues.0057",
              "text": "Violating open source licenses",
              "severity": "unknown"
            },
            {
              "id": "sec.legal_compliance_disasters_continued.licensing_issues.0058",
              "text": "Using pirated software",
              "severity": "unknown"
            },
            {
              "id": "sec.legal_compliance_disasters_continued.licensing_issues.0059",
              "text": "No software license tracking",
              "severity": "unknown"
            },
            {
              "id": "sec.legal_compliance_disasters_continued.licensing_issues.0060",
              "text": "Using libraries beyond license terms",
              "severity": "unknown"
            },
            {
              "id": "sec.legal_compliance_disasters_continued.licensing_issues.0061",
              "text": "Not attributing third-party code",
              "severity": "unknown"
            },
            {
              "id": "sec.legal_compliance_disasters_continued.licensing_issues.0062",
              "text": "Closed-source code using copy-left licenses",
              "severity": "unknown"
            },
            {
              "id": "sec.legal_compliance_disasters_continued.licensing_issues.0063",
              "text": "No license file in repository",
              "severity": "unknown"
            },
            {
              "id": "sec.legal_compliance_disasters_continued.licensing_issues.0064",
              "text": "Conflicting licenses in dependencies",
              "severity": "unknown"
            },
            {
              "id": "sec.legal_compliance_disasters_continued.licensing_issues.0065",
              "text": "Using commercial fonts without license",
              "severity": "unknown"
            },
            {
              "id": "sec.legal_compliance_disasters_continued.licensing_issues.0066",
              "text": "Using stock photos without license",
              "severity": "unknown"
            },
            {
              "id": "sec.legal_compliance_disasters_continued.licensing_issues.0067",
              "text": "Copyright violations in content",
              "severity": "unknown"
            }
          ]
        }
      ]
    },
    {
      "id": "sec.financial_business_disasters",
      "title": "FINANCIAL & BUSINESS DISASTERS",
      "groups": [
        {
          "id": "sec.financial_business_disasters.payment_processing_issues",
          "title": "Payment Processing Issues",
          "items": [
            {
              "id": "sec.financial_business_disasters.payment_processing_issues.0068",
              "text": "Not using payment processor (rolling own)",
              "severity": "unknown"
            },
            {
              "id": "sec.financial_business_disasters.payment_processing_issues.0069",
              "text": "Storing credit card numbers",
              "severity": "unknown"
            },
            {
              "id": "sec.financial_business_disasters.payment_processing_issues.0070",
              "text": "Not validating payment amounts",
              "severity": "unknown"
            },
            {
              "id": "sec.financial_business_disasters.payment_processing_issues.0071",
              "text": "Race conditions in payment processing",
              "severity": "unknown"
            },
            {
              "id": "sec.financial_business_disasters.payment_processing_issues.0072",
              "text": "Duplicate charges",
              "severity": "unknown"
            },
            {
              "id": "sec.financial_business_disasters.payment_processing_issues.0073",
              "text": "Failed refunds",
              "severity": "unknown"
            },
            {
              "id": "sec.financial_business_disasters.payment_processing_issues.0074",
              "text": "No payment reconciliation",
              "severity": "unknown"
            },
            {
              "id": "sec.financial_business_disasters.payment_processing_issues.0075",
              "text": "Lost transaction records",
              "severity": "unknown"
            },
            {
              "id": "sec.financial_business_disasters.payment_processing_issues.0076",
              "text": "Currency conversion errors",
              "severity": "unknown"
            },
            {
              "id": "sec.financial_business_disasters.payment_processing_issues.0077",
              "text": "Rounding errors in billing",
              "severity": "unknown"
            },
            {
              "id": "sec.financial_business_disasters.payment_processing_issues.0078",
              "text": "Subscription charges when canceled",
              "severity": "unknown"
            },
            {
              "id": "sec.financial_business_disasters.payment_processing_issues.0079",
              "text": "Not handling failed payments",
              "severity": "unknown"
            },
            {
              "id": "sec.financial_business_disasters.payment_processing_issues.0080",
              "text": "No retry logic for payments",
              "severity": "unknown"
            },
            {
              "id": "sec.financial_business_disasters.payment_processing_issues.0081",
              "text": "No payment confirmation emails",
              "severity": "unknown"
            },
            {
              "id": "sec.financial_business_disasters.payment_processing_issues.0082",
              "text": "No receipt generation",
              "severity": "unknown"
            },
            {
              "id": "sec.financial_business_disasters.payment_processing_issues.0083",
              "text": "Tax calculation errors",
              "severity": "unknown"
            },
            {
              "id": "sec.financial_business_disasters.payment_processing_issues.0084",
              "text": "Not collecting required tax info",
              "severity": "unknown"
            },
            {
              "id": "sec.financial_business_disasters.payment_processing_issues.0085",
              "text": "Chargeback rate too high",
              "severity": "unknown"
            },
            {
              "id": "sec.financial_business_disasters.payment_processing_issues.0086",
              "text": "No fraud detection",
              "severity": "unknown"
            },
            {
              "id": "sec.financial_business_disasters.payment_processing_issues.0087",
              "text": "Accepting stolen cards",
              "severity": "unknown"
            }
          ]
        },
        {
          "id": "sec.financial_business_disasters.billing_subscription_disasters",
          "title": "Billing & Subscription Disasters",
          "items": [
            {
              "id": "sec.financial_business_disasters.billing_subscription_disasters.0088",
              "text": "No subscription management",
              "severity": "unknown"
            },
            {
              "id": "sec.financial_business_disasters.billing_subscription_disasters.0089",
              "text": "Cannot upgrade/downgrade plans",
              "severity": "unknown"
            },
            {
              "id": "sec.financial_business_disasters.billing_subscription_disasters.0090",
              "text": "Billing on wrong schedule",
              "severity": "unknown"
            },
            {
              "id": "sec.financial_business_disasters.billing_subscription_disasters.0091",
              "text": "Prorating calculations wrong",
              "severity": "unknown"
            },
            {
              "id": "sec.financial_business_disasters.billing_subscription_disasters.0092",
              "text": "Double billing users",
              "severity": "unknown"
            },
            {
              "id": "sec.financial_business_disasters.billing_subscription_disasters.0093",
              "text": "Not billing users (revenue loss)",
              "severity": "unknown"
            },
            {
              "id": "sec.financial_business_disasters.billing_subscription_disasters.0094",
              "text": "Trial period not enforced",
              "severity": "unknown"
            },
            {
              "id": "sec.financial_business_disasters.billing_subscription_disasters.0095",
              "text": "Grace period not working",
              "severity": "unknown"
            },
            {
              "id": "sec.financial_business_disasters.billing_subscription_disasters.0096",
              "text": "Dunning management missing",
              "severity": "unknown"
            },
            {
              "id": "sec.financial_business_disasters.billing_subscription_disasters.0097",
              "text": "No failed payment recovery",
              "severity": "unknown"
            },
            {
              "id": "sec.financial_business_disasters.billing_subscription_disasters.0098",
              "text": "Subscription state inconsistent",
              "severity": "unknown"
            },
            {
              "id": "sec.financial_business_disasters.billing_subscription_disasters.0099",
              "text": "Access not revoked when payment fails",
              "severity": "unknown"
            },
            {
              "id": "sec.financial_business_disasters.billing_subscription_disasters.0100",
              "text": "Cannot cancel subscription",
              "severity": "unknown"
            },
            {
              "id": "sec.financial_business_disasters.billing_subscription_disasters.0101",
              "text": "Cancellation not processed",
              "severity": "unknown"
            },
            {
              "id": "sec.financial_business_disasters.billing_subscription_disasters.0102",
              "text": "No invoice generation",
              "severity": "unknown"
            },
            {
              "id": "sec.financial_business_disasters.billing_subscription_disasters.0103",
              "text": "Invoice calculations wrong",
              "severity": "unknown"
            },
            {
              "id": "sec.financial_business_disasters.billing_subscription_disasters.0104",
              "text": "Missing billing notifications",
              "severity": "unknown"
            },
            {
              "id": "sec.financial_business_disasters.billing_subscription_disasters.0105",
              "text": "Discount codes not working",
              "severity": "unknown"
            },
            {
              "id": "sec.financial_business_disasters.billing_subscription_disasters.0106",
              "text": "Coupon abuse possible",
              "severity": "unknown"
            },
            {
              "id": "sec.financial_business_disasters.billing_subscription_disasters.0107",
              "text": "Referral fraud possible",
              "severity": "unknown"
            }
          ]
        },
        {
          "id": "sec.financial_business_disasters.cost_management_failures",
          "title": "Cost Management Failures",
          "items": [
            {
              "id": "sec.financial_business_disasters.cost_management_failures.0108",
              "text": "No cost monitoring",
              "severity": "unknown"
            },
            {
              "id": "sec.financial_business_disasters.cost_management_failures.0109",
              "text": "Cloud costs out of control",
              "severity": "unknown"
            },
            {
              "id": "sec.financial_business_disasters.cost_management_failures.0110",
              "text": "Storage costs exploding",
              "severity": "unknown"
            },
            {
              "id": "sec.financial_business_disasters.cost_management_failures.0111",
              "text": "API costs unexpected",
              "severity": "unknown"
            },
            {
              "id": "sec.financial_business_disasters.cost_management_failures.0112",
              "text": "Egress bandwidth charges surprise",
              "severity": "unknown"
            },
            {
              "id": "sec.financial_business_disasters.cost_management_failures.0113",
              "text": "No budget alerts",
              "severity": "unknown"
            },
            {
              "id": "sec.financial_business_disasters.cost_management_failures.0114",
              "text": "Unused resources running",
              "severity": "unknown"
            },
            {
              "id": "sec.financial_business_disasters.cost_management_failures.0115",
              "text": "Over-provisioned resources",
              "severity": "unknown"
            },
            {
              "id": "sec.financial_business_disasters.cost_management_failures.0116",
              "text": "Not using reserved instances",
              "severity": "unknown"
            },
            {
              "id": "sec.financial_business_disasters.cost_management_failures.0117",
              "text": "Paying for unused licenses",
              "severity": "unknown"
            },
            {
              "id": "sec.financial_business_disasters.cost_management_failures.0118",
              "text": "No cost allocation",
              "severity": "unknown"
            },
            {
              "id": "sec.financial_business_disasters.cost_management_failures.0119",
              "text": "Cannot track cost per customer",
              "severity": "unknown"
            },
            {
              "id": "sec.financial_business_disasters.cost_management_failures.0120",
              "text": "No cost optimization",
              "severity": "unknown"
            },
            {
              "id": "sec.financial_business_disasters.cost_management_failures.0121",
              "text": "Inefficient resource usage",
              "severity": "unknown"
            },
            {
              "id": "sec.financial_business_disasters.cost_management_failures.0122",
              "text": "Development resources too expensive",
              "severity": "unknown"
            }
          ]
        }
      ]
    },
    {
      "id": "sec.edge_cases_rare_failures",
      "title": "EDGE CASES & RARE FAILURES",
      "groups": [
        {
          "id": "sec.edge_cases_rare_failures.boundary_conditions",
          "title": "Boundary Conditions",
          "items": [
            {
              "id": "sec.edge_cases_rare_failures.boundary_conditions.0123",
              "text": "Empty arrays/lists not handled",
              "severity": "unknown"
            },
            {
              "id": "sec.edge_cases_rare_failures.boundary_conditions.0124",
              "text": "Single item lists breaking",
              "severity": "unknown"
            },
            {
              "id": "sec.edge_cases_rare_failures.boundary_conditions.0125",
              "text": "Maximum length strings breaking",
              "severity": "unknown"
            },
            {
              "id": "sec.edge_cases_rare_failures.boundary_conditions.0126",
              "text": "Empty strings causing errors",
              "severity": "unknown"
            },
            {
              "id": "sec.edge_cases_rare_failures.boundary_conditions.0127",
              "text": "Null vs undefined confusion",
              "severity": "unknown"
            },
            {
              "id": "sec.edge_cases_rare_failures.boundary_conditions.0128",
              "text": "Zero values treated as null",
              "severity": "unknown"
            },
            {
              "id": "sec.edge_cases_rare_failures.boundary_conditions.0129",
              "text": "Negative numbers not considered",
              "severity": "unknown"
            },
            {
              "id": "sec.edge_cases_rare_failures.boundary_conditions.0130",
              "text": "Very large numbers breaking",
              "severity": "unknown"
            },
            {
              "id": "sec.edge_cases_rare_failures.boundary_conditions.0131",
              "text": "Very small decimals (precision loss)",
              "severity": "unknown"
            },
            {
              "id": "sec.edge_cases_rare_failures.boundary_conditions.0132",
              "text": "Special characters breaking",
              "severity": "unknown"
            },
            {
              "id": "sec.edge_cases_rare_failures.boundary_conditions.0133",
              "text": "Unicode characters breaking",
              "severity": "unknown"
            },
            {
              "id": "sec.edge_cases_rare_failures.boundary_conditions.0134",
              "text": "Emoji breaking system",
              "severity": "unknown"
            },
            {
              "id": "sec.edge_cases_rare_failures.boundary_conditions.0135",
              "text": "Right-to-left text breaking layout",
              "severity": "unknown"
            },
            {
              "id": "sec.edge_cases_rare_failures.boundary_conditions.0136",
              "text": "Long words breaking layout",
              "severity": "unknown"
            },
            {
              "id": "sec.edge_cases_rare_failures.boundary_conditions.0137",
              "text": "No content state not handled",
              "severity": "unknown"
            }
          ]
        }
      ]
    }
  ]
}